1784650228.8340,touch,r,47
1784650228.8350,touch,g,93
1784650228.8400,touch,b,1
1784650230.5730,touch,r,58
1784650230.5740,touch,g,95
1784650230.5790,touch,b,4
1784650230.6530,touch,r,70
1784650230.6530,touch,g,95
1784650230.6590,touch,b,6
1784650230.7160,touch,r,80
1784650230.7170,touch,g,96
1784650230.7260,touch,b,7
1784650230.7920,touch,r,91
1784650230.7930,touch,g,96
1784650230.7980,touch,b,9
1784650230.9350,touch,r,101
1784650230.9360,touch,g,97
1784650230.9410,touch,b,11
1784650231.0330,touch,r,111
1784650231.0390,touch,g,98
1784650231.0390,touch,b,12
1784650231.1140,touch,r,122
1784650231.1190,touch,g,98
1784650231.1200,touch,b,14
1784650231.1750,touch,r,138
1784650231.1770,touch,g,99
1784650231.2010,touch,b,16
1784650231.2130,touch,r,157
1784650231.2150,touch,g,101
1784650231.2170,touch,b,18
1784650231.2320,touch,r,170
1784650231.2350,touch,g,101
1784650231.2360,touch,b,20
1784650231.2520,touch,r,182
1784650231.2540,touch,g,102
1784650231.2580,touch,b,21
1784650231.2750,touch,r,194
1784650231.2780,touch,g,102
1784650231.2780,touch,b,23
1784650231.2920,touch,r,205
1784650231.2960,touch,g,103
1784650231.2960,touch,b,24
1784650231.3120,touch,r,216
1784650231.3150,touch,g,104
1784650231.3150,touch,b,26
1784650231.3320,touch,r,226
1784650231.3360,touch,g,104
1784650231.3360,touch,b,27
1784650231.3530,touch,r,236
1784650231.3560,touch,g,105
1784650231.3560,touch,b,28
1784650231.3720,touch,r,246
1784650231.3750,touch,g,105
1784650231.3750,touch,b,29
1784650231.4170,touch,r,263
1784650231.4180,touch,g,106
1784650231.4180,touch,b,31
1784650231.4530,touch,r,279
1784650231.4610,touch,g,107
1784650231.4610,touch,b,33
1784650231.4930,touch,r,293
1784650231.4970,touch,g,108
1784650231.4980,touch,b,35
1784650231.5330,touch,r,304
1784650231.5370,touch,g,109
1784650231.5370,touch,b,36
1784650231.5740,touch,r,314
1784650231.5770,touch,g,109
1784650231.5780,touch,b,37
1784650231.6350,touch,r,327
1784650231.6400,touch,g,110
1784650231.6400,touch,b,39
1784650231.6950,touch,r,338
1784650231.7010,touch,g,110
1784650231.7010,touch,b,40
1784650231.7520,touch,r,349
1784650231.7560,touch,g,111
1784650231.7560,touch,b,42
1784650231.8330,touch,r,359
1784650231.8370,touch,g,111
1784650231.8370,touch,b,43
1784650231.9740,touch,r,369
1784650231.9790,touch,g,112
1784650231.9790,touch,b,44
1784650232.3930,touch,r,379
1784650232.4000,touch,g,113
1784650232.4010,touch,b,45
1784650232.9990,touch,r,389
1784650233.0080,touch,g,113
1784650233.0290,touch,b,46
1784650233.9760,touch,r,399
1784650233.9810,touch,g,114
1784650233.9810,touch,b,47
1784650234.7130,touch,r,384
1784650234.7180,touch,g,113
1784650234.7190,touch,b,46
1784650234.7320,touch,r,368
1784650234.7350,touch,g,112
1784650234.7360,touch,b,44
1784650234.7520,touch,r,346
1784650234.7550,touch,g,111
1784650234.7580,touch,b,41
1784650234.7730,touch,r,321
1784650234.7760,touch,g,110
1784650234.7760,touch,b,38
1784650234.7920,touch,r,296
1784650234.7950,touch,g,108
1784650234.7960,touch,b,35
1784650234.8140,touch,r,272
1784650234.8170,touch,g,107
1784650234.8180,touch,b,32
1784650234.8340,touch,r,251
1784650234.8370,touch,g,106
1784650234.8370,touch,b,29
1784650234.8530,touch,r,231
1784650234.8620,touch,g,105
1784650234.8630,touch,b,26
1784650234.8730,touch,r,212
1784650234.8760,touch,g,104
1784650234.8760,touch,b,24
1784650234.8970,touch,r,196
1784650234.8990,touch,g,103
1784650234.8990,touch,b,21
1784650234.9120,touch,r,181
1784650234.9150,touch,g,102
1784650234.9160,touch,b,19
1784650234.9330,touch,r,168
1784650234.9380,touch,g,101
1784650234.9390,touch,b,18
1784650234.9540,touch,r,156
1784650234.9580,touch,g,100
1784650234.9620,touch,b,16
1784650234.9760,touch,r,145
1784650234.9790,touch,g,100
1784650234.9800,touch,b,14
1784650234.9920,touch,r,135
1784650234.9950,touch,g,99
1784650234.9960,touch,b,13
1784650235.0320,touch,r,118
1784650235.0350,touch,g,98
1784650235.0360,touch,b,11
1784650235.0740,touch,r,105
1784650235.0770,touch,g,97
1784650235.0770,touch,b,9
1784650235.1120,touch,r,94
1784650235.1130,touch,g,96
1784650235.1170,touch,b,7
1784650235.1740,touch,r,81
1784650235.1750,touch,g,95
1784650235.1800,touch,b,6
1784650235.2520,touch,r,69
1784650235.2520,touch,g,95
1784650235.2570,touch,b,4
1784650235.3720,touch,r,59
1784650235.3730,touch,g,94
1784650235.3750,touch,b,3
1784650235.6740,touch,r,49
1784650235.6760,touch,g,94
1784650235.6800,touch,b,2
1784650236.9540,touch,r,60
1784650236.9590,touch,g,95
1784650236.9610,touch,b,4
1784650237.0200,touch,r,73
1784650237.0210,touch,g,96
1784650237.0250,touch,b,6
1784650237.0730,touch,r,85
1784650237.0740,touch,g,97
1784650237.0780,touch,b,8
1784650237.1170,touch,r,95
1784650237.1240,touch,g,97
1784650237.1240,touch,b,9
1784650237.1530,touch,r,105
1784650237.1570,touch,g,98
1784650237.1570,touch,b,10
1784650237.1920,touch,r,115
1784650237.1940,touch,g,98
1784650237.1980,touch,b,12
1784650237.2330,touch,r,127
1784650237.2370,touch,g,99
1784650237.2370,touch,b,14
1784650237.2720,touch,r,146
1784650237.2750,touch,g,100
1784650237.2760,touch,b,16
1784650237.3140,touch,r,157
1784650237.3180,touch,g,101
1784650237.3180,touch,b,18
1784650237.3730,touch,r,143
1784650237.3780,touch,g,100
1784650237.3790,touch,b,16
1784650237.4130,touch,r,128
1784650237.4170,touch,g,99
1784650237.4170,touch,b,14
1784650237.4560,touch,r,113
1784650237.4600,touch,g,98
1784650237.4610,touch,b,12
1784650237.4930,touch,r,101
1784650237.4960,touch,g,97
1784650237.4970,touch,b,10
1784650237.5330,touch,r,91
1784650237.5340,touch,g,97
1784650237.5380,touch,b,8
1784650237.5950,touch,r,79
1784650237.5960,touch,g,96
1784650237.6010,touch,b,6
1784650237.6730,touch,r,68
1784650237.6750,touch,g,95
1784650237.6800,touch,b,4
1784650237.7930,touch,r,58
1784650237.7940,touch,g,94
1784650237.7970,touch,b,3
1784650238.4540,touch,r,70
1784650238.4550,touch,g,96
1784650238.4560,touch,b,6
1784650238.5130,touch,r,83
1784650238.5140,touch,g,97
1784650238.5200,touch,b,8
1784650238.5580,touch,r,96
1784650238.5590,touch,g,98
1784650238.5620,touch,b,10
1784650238.5930,touch,r,117
1784650238.5960,touch,g,99
1784650238.5960,touch,b,13
1784650238.6150,touch,r,131
1784650238.6190,touch,g,100
1784650238.6190,touch,b,15
1784650238.6320,touch,r,147
1784650238.6350,touch,g,101
1784650238.6360,touch,b,16
1784650238.6560,touch,r,164
1784650238.6590,touch,g,101
1784650238.6590,touch,b,19
1784650238.6720,touch,r,180
1784650238.6750,touch,g,102
1784650238.6760,touch,b,21
1784650238.6920,touch,r,195
1784650238.6950,touch,g,103
1784650238.6960,touch,b,22
1784650238.7150,touch,r,208
1784650238.7200,touch,g,104
1784650238.7210,touch,b,24
1784650238.7320,touch,r,220
1784650238.7350,touch,g,105
1784650238.7350,touch,b,26
1784650238.7520,touch,r,232
1784650238.7550,touch,g,105
1784650238.7590,touch,b,27
1784650238.7720,touch,r,243
1784650238.7750,touch,g,106
1784650238.7750,touch,b,28
1784650238.7940,touch,r,254
1784650238.7980,touch,g,107
1784650238.7980,touch,b,30
1784650238.8120,touch,r,264
1784650238.8150,touch,g,107
1784650238.8150,touch,b,31
1784650238.8520,touch,r,282
1784650238.8560,touch,g,108
1784650238.8560,touch,b,33
1784650238.8930,touch,r,299
1784650238.8980,touch,g,109
1784650238.8990,touch,b,35
1784650238.9320,touch,r,314
1784650238.9350,touch,g,110
1784650238.9380,touch,b,37
1784650238.9730,touch,r,328
1784650238.9760,touch,g,111
1784650238.9780,touch,b,39
1784650239.0130,touch,r,340
1784650239.0150,touch,g,112
1784650239.0160,touch,b,40
1784650239.0530,touch,r,350
1784650239.0560,touch,g,112
1784650239.0570,touch,b,41
1784650239.1140,touch,r,363
1784650239.1190,touch,g,113
1784650239.1190,touch,b,43
1784650239.1720,touch,r,373
1784650239.1760,touch,g,114
1784650239.1770,touch,b,44
1784650239.2520,touch,r,383
1784650239.2550,touch,g,114
1784650239.2560,touch,b,45
1784650239.3940,touch,r,393
1784650239.3980,touch,g,115
1784650239.3990,touch,b,47
1784650239.6540,touch,r,403
1784650239.6570,touch,g,116
1784650239.6580,touch,b,48
1784650239.8320,touch,r,380
1784650239.8360,touch,g,114
1784650239.8360,touch,b,45
1784650239.8520,touch,r,357
1784650239.8550,touch,g,113
1784650239.8560,touch,b,43
1784650239.8740,touch,r,331
1784650239.8770,touch,g,111
1784650239.8770,touch,b,39
1784650239.8920,touch,r,306
1784650239.8960,touch,g,110
1784650239.8970,touch,b,36
1784650239.9130,touch,r,282
1784650239.9160,touch,g,109
1784650239.9220,touch,b,33
1784650239.9330,touch,r,259
1784650239.9360,touch,g,107
1784650239.9360,touch,b,30
1784650239.9520,touch,r,239
1784650239.9560,touch,g,106
1784650239.9560,touch,b,27
1784650239.9750,touch,r,220
1784650239.9770,touch,g,105
1784650239.9780,touch,b,25
1784650239.9920,touch,r,203
1784650239.9970,touch,g,104
1784650239.9970,touch,b,23
1784650240.0130,touch,r,187
1784650240.0160,touch,g,103
1784650240.0170,touch,b,20
1784650240.0320,touch,r,173
1784650240.0350,touch,g,102
1784650240.0350,touch,b,18
1784650240.0520,touch,r,161
1784650240.0560,touch,g,101
1784650240.0560,touch,b,17
1784650240.0720,touch,r,149
1784650240.0750,touch,g,100
1784650240.0750,touch,b,15
1784650240.0920,touch,r,139
1784650240.0950,touch,g,99
1784650240.0960,touch,b,14
1784650240.1360,touch,r,122
1784650240.1410,touch,g,98
1784650240.1410,touch,b,11
1784650240.1740,touch,r,107
1784650240.1770,touch,g,97
1784650240.1770,touch,b,9
1784650240.2130,touch,r,96
1784650240.2140,touch,g,96
1784650240.2160,touch,b,8
1784650240.2740,touch,r,83
1784650240.2740,touch,g,95
1784650240.2770,touch,b,6
1784650240.3340,touch,r,73
1784650240.3410,touch,g,95
1784650240.3410,touch,b,5
1784650240.4330,touch,r,63
1784650240.4340,touch,g,95
1784650240.4420,touch,b,4
1784650240.6320,touch,r,53
1784650240.6330,touch,g,95
1784650240.6370,touch,b,3
1784650240.9170,touch,r,64
1784650240.9180,touch,g,97
1784650240.9240,touch,b,7
1784650240.9730,touch,r,75
1784650240.9730,touch,g,98
1784650240.9780,touch,b,10
1784650241.0120,touch,r,90
1784650241.0150,touch,g,100
1784650241.0160,touch,b,13
1784650241.0330,touch,r,105
1784650241.0370,touch,g,101
1784650241.0370,touch,b,16
1784650241.0540,touch,r,129
1784650241.0580,touch,g,103
1784650241.0580,touch,b,19
1784650241.0720,touch,r,150
1784650241.0750,touch,g,104
1784650241.0750,touch,b,22
1784650241.0930,touch,r,169
1784650241.0950,touch,g,105
1784650241.0980,touch,b,25
1784650241.1130,touch,r,188
1784650241.1160,touch,g,107
1784650241.1170,touch,b,28
1784650241.1320,touch,r,206
1784650241.1350,touch,g,108
1784650241.1350,touch,b,31
1784650241.1520,touch,r,225
1784650241.1550,touch,g,110
1784650241.1560,touch,b,33
1784650241.1720,touch,r,244
1784650241.1750,touch,g,112
1784650241.1750,touch,b,36
1784650241.1920,touch,r,261
1784650241.1950,touch,g,113
1784650241.1950,touch,b,39
1784650241.2120,touch,r,277
1784650241.2150,touch,g,115
1784650241.2150,touch,b,42
1784650241.2330,touch,r,293
1784650241.2370,touch,g,117
1784650241.2370,touch,b,44
1784650241.2520,touch,r,308
1784650241.2560,touch,g,119
1784650241.2560,touch,b,46
1784650241.2720,touch,r,323
1784650241.2750,touch,g,121
1784650241.2750,touch,b,49
1784650241.2930,touch,r,337
1784650241.2960,touch,g,124
1784650241.2960,touch,b,52
1784650241.3130,touch,r,352
1784650241.3150,touch,g,127
1784650241.3200,touch,b,54
1784650241.3320,touch,r,366
1784650241.3350,touch,g,130
1784650241.3350,touch,b,57
1784650241.3520,touch,r,381
1784650241.3560,touch,g,135
1784650241.3560,touch,b,59
1784650241.3720,touch,r,396
1784650241.3750,touch,g,141
1784650241.3750,touch,b,62
1784650241.3920,touch,r,412
1784650241.3950,touch,g,149
1784650241.3950,touch,b,64
1784650241.4120,touch,r,428
1784650241.4150,touch,g,159
1784650241.4150,touch,b,67
1784650241.4320,touch,r,448
1784650241.4350,touch,g,173
1784650241.4350,touch,b,70
1784650241.4520,touch,r,473
1784650241.4560,touch,g,203
1784650241.4560,touch,b,73
1784650241.4730,touch,r,527
1784650241.4750,touch,g,281
1784650241.4750,touch,b,76
1784650241.4920,touch,r,581
1784650241.4960,touch,g,357
1784650241.4980,touch,b,80
1784650241.5120,touch,r,632
1784650241.5150,touch,g,429
1784650241.5150,touch,b,84
1784650241.5320,touch,r,681
1784650241.5350,touch,g,497
1784650241.5360,touch,b,87
1784650241.5520,touch,r,727
1784650241.5560,touch,g,561
1784650241.5560,touch,b,89
1784650241.5720,touch,r,771
1784650241.5750,touch,g,623
1784650241.5750,touch,b,92
1784650241.5920,touch,r,812
1784650241.5950,touch,g,680
1784650241.5950,touch,b,94
1784650241.6120,touch,r,850
1784650241.6150,touch,g,734
1784650241.6160,touch,b,96
1784650241.6320,touch,r,885
1784650241.6350,touch,g,784
1784650241.6350,touch,b,97
1784650241.6540,touch,r,916
1784650241.6570,touch,g,828
1784650241.6580,touch,b,97
1784650241.6720,touch,r,944
1784650241.6740,touch,g,869
1784650241.6780,touch,b,98
1784650241.6920,touch,r,970
1784650241.6950,touch,g,904
1784650241.6950,touch,b,98
1784650241.7120,touch,r,993
1784650241.7150,touch,g,936
1784650241.7150,touch,b,98
1784650241.7320,touch,r,1013
1784650241.7350,touch,g,966
1784650241.7360,touch,b,98
1784650241.7520,touch,r,1023
1784650241.7560,touch,g,992
1784650241.7560,touch,b,97
1784650241.7730,touch,r,1023
1784650241.7750,touch,g,1016
1784650241.7760,touch,b,97
1784650242.2720,touch,r,1023
1784650242.2750,touch,g,1023
1784650242.2760,touch,b,107
1784650242.3730,touch,r,1023
1784650242.3770,touch,g,1023
1784650242.3780,touch,b,119
1784650242.7750,touch,r,1022
1784650242.7750,touch,g,960
1784650242.7760,touch,b,111
1784650242.7920,touch,r,940
1784650242.7950,touch,g,878
1784650242.7960,touch,b,105
1784650242.8120,touch,r,861
1784650242.8150,touch,g,802
1784650242.8150,touch,b,97
1784650242.8320,touch,r,786
1784650242.8350,touch,g,733
1784650242.8350,touch,b,89
1784650242.8540,touch,r,716
1784650242.8570,touch,g,670
1784650242.8580,touch,b,82
1784650242.8730,touch,r,651
1784650242.8760,touch,g,613
1784650242.8760,touch,b,75
1784650242.8930,touch,r,593
1784650242.8960,touch,g,562
1784650242.8960,touch,b,68
1784650242.9120,touch,r,539
1784650242.9150,touch,g,515
1784650242.9160,touch,b,62
1784650242.9320,touch,r,491
1784650242.9350,touch,g,473
1784650242.9350,touch,b,57
1784650242.9520,touch,r,448
1784650242.9570,touch,g,436
1784650242.9590,touch,b,52
1784650242.9720,touch,r,408
1784650242.9750,touch,g,402
1784650242.9760,touch,b,47
1784650243.0350,touch,r,373
1784650243.0500,touch,r,340
1784650243.0530,touch,g,343
1784650243.0530,touch,b,39
1784650243.0560,touch,r,311
1784650243.0560,touch,g,319
1784650243.0600,touch,b,35
1784650243.0720,touch,r,260
1784650243.0760,touch,g,275
1784650243.0760,touch,b,28
1784650243.0930,touch,r,239
1784650243.0960,touch,g,257
1784650243.0960,touch,b,26
1784650243.1130,touch,r,220
1784650243.1160,touch,g,240
1784650243.1160,touch,b,23
1784650243.1350,touch,r,203
1784650243.1390,touch,g,226
1784650243.1390,touch,b,21
1784650243.1530,touch,r,187
1784650243.1570,touch,g,213
1784650243.1590,touch,b,19
1784650243.1730,touch,r,173
1784650243.1760,touch,g,201
1784650243.1760,touch,b,18
1784650243.1930,touch,r,161
1784650243.1960,touch,g,190
1784650243.1970,touch,b,16
1784650243.2130,touch,r,150
1784650243.2160,touch,g,181
1784650243.2170,touch,b,15
1784650243.2330,touch,r,139
1784650243.2350,touch,g,172
1784650243.2390,touch,b,13
1784650243.2730,touch,r,122
1784650243.2760,touch,g,157
1784650243.2770,touch,b,11
1784650243.3130,touch,r,108
1784650243.3160,touch,g,145
1784650243.3160,touch,b,9
1784650243.3530,touch,r,96
1784650243.3560,touch,g,135
1784650243.3560,touch,b,8
1784650243.4130,touch,r,83
1784650243.4170,touch,g,124
1784650243.4170,touch,b,6
1784650243.4930,touch,r,71
1784650243.4970,touch,g,114
1784650243.4970,touch,b,5
1784650243.6340,touch,r,61
1784650243.6380,touch,g,109
1784650243.6390,touch,b,4
1784650243.6940,touch,r,63
1784650243.6980,touch,g,125
1784650243.6980,touch,b,7
1784650243.7130,touch,r,64
1784650243.7160,touch,g,138
1784650243.7160,touch,b,8
1784650243.7330,touch,r,66
1784650243.7360,touch,g,156
1784650243.7360,touch,b,10
1784650243.7530,touch,r,69
1784650243.7560,touch,g,185
1784650243.7560,touch,b,12
1784650243.7770,touch,r,72
1784650243.7800,touch,g,212
1784650243.7800,touch,b,15
1784650243.7930,touch,r,74
1784650243.7960,touch,g,236
1784650243.7960,touch,b,17
1784650243.8130,touch,r,76
1784650243.8170,touch,g,256
1784650243.8170,touch,b,19
1784650243.8330,touch,r,77
1784650243.8360,touch,g,273
1784650243.8360,touch,b,20
1784650243.8530,touch,r,79
1784650243.8570,touch,g,287
1784650243.8570,touch,b,22
1784650243.8730,touch,r,80
1784650243.8770,touch,g,302
1784650243.8770,touch,b,23
1784650243.8930,touch,r,81
1784650243.8960,touch,g,316
1784650243.8960,touch,b,24
1784650243.9140,touch,r,82
1784650243.9170,touch,g,328
1784650243.9170,touch,b,25
1784650243.9750,touch,r,79
1784650243.9780,touch,g,307
1784650243.9890,touch,b,24
1784650243.9930,touch,r,77
1784650243.9960,touch,g,289
1784650243.9960,touch,b,23
1784650244.0130,touch,r,75
1784650244.0160,touch,g,270
1784650244.0160,touch,b,21
1784650244.0330,touch,r,72
1784650244.0360,touch,g,253
1784650244.0360,touch,b,20
1784650244.0540,touch,r,70
1784650244.0570,touch,g,237
1784650244.0570,touch,b,19
1784650244.0730,touch,r,68
1784650244.0760,touch,g,223
1784650244.0770,touch,b,17
1784650244.0930,touch,r,66
1784650244.0960,touch,g,210
1784650244.0960,touch,b,16
1784650244.1130,touch,r,64
1784650244.1170,touch,g,199
1784650244.1170,touch,b,15
1784650244.1330,touch,r,63
1784650244.1360,touch,g,188
1784650244.1360,touch,b,14
1784650244.1730,touch,r,60
1784650244.1760,touch,g,170
1784650244.1770,touch,b,13
1784650244.2130,touch,r,58
1784650244.2180,touch,g,156
1784650244.2190,touch,b,12
1784650244.2540,touch,r,56
1784650244.2580,touch,g,144
1784650244.2580,touch,b,11
1784650244.3140,touch,r,54
1784650244.3200,touch,g,131
1784650244.3200,touch,b,11
1784650244.3740,touch,r,53
1784650244.3770,touch,g,121
1784650244.3780,touch,b,10
1784650244.4740,touch,r,51
1784650244.4770,touch,g,110
1784650244.4780,touch,b,10
1784650244.5960,touch,r,52
1784650244.5990,touch,g,104
1784650244.6000,touch,b,20
1784650244.6340,touch,r,53
1784650244.6380,touch,g,103
1784650244.6390,touch,b,32
1784650244.6550,touch,r,54
1784650244.6580,touch,g,103
1784650244.6590,touch,b,46
1784650244.6730,touch,r,56
1784650244.6760,touch,g,104
1784650244.6770,touch,b,67
1784650244.6970,touch,r,58
1784650244.7010,touch,g,104
1784650244.7010,touch,b,87
1784650244.7130,touch,r,59
1784650244.7160,touch,g,104
1784650244.7160,touch,b,106
1784650244.7330,touch,r,61
1784650244.7360,touch,g,105
1784650244.7360,touch,b,123
1784650244.7550,touch,r,62
1784650244.7580,touch,g,105
1784650244.7590,touch,b,139
1784650244.7730,touch,r,63
1784650244.7770,touch,g,106
1784650244.7770,touch,b,154
1784650244.8000,touch,r,65
1784650244.8030,touch,g,106
1784650244.8030,touch,b,168
1784650244.8130,touch,r,66
1784650244.8160,touch,g,107
1784650244.8170,touch,b,180
1784650244.8340,touch,r,67
1784650244.8370,touch,g,107
1784650244.8380,touch,b,192
1784650244.8530,touch,r,68
1784650244.8570,touch,g,107
1784650244.8570,touch,b,203
1784650244.8930,touch,r,69
1784650244.8970,touch,g,108
1784650244.8970,touch,b,221
1784650244.9340,touch,r,71
1784650244.9370,touch,g,108
1784650244.9370,touch,b,236
1784650244.9740,touch,r,72
1784650244.9750,touch,g,109
1784650244.9790,touch,b,249
1784650245.0140,touch,r,73
1784650245.0170,touch,g,109
1784650245.0190,touch,b,259
1784650245.1140,touch,r,72
1784650245.1190,touch,g,108
1784650245.1190,touch,b,249
1784650245.1330,touch,r,70
1784650245.1360,touch,g,107
1784650245.1360,touch,b,230
1784650245.1530,touch,r,68
1784650245.1560,touch,g,106
1784650245.1570,touch,b,209
1784650245.1730,touch,r,66
1784650245.1760,touch,g,105
1784650245.1770,touch,b,190
1784650245.1930,touch,r,65
1784650245.1960,touch,g,104
1784650245.1970,touch,b,172
1784650245.2130,touch,r,63
1784650245.2170,touch,g,103
1784650245.2170,touch,b,156
1784650245.2330,touch,r,62
1784650245.2350,touch,g,102
1784650245.2380,touch,b,141
1784650245.2570,touch,r,60
1784650245.2580,touch,g,101
1784650245.2580,touch,b,127
1784650245.2730,touch,r,59
1784650245.2790,touch,g,101
1784650245.2790,touch,b,115
1784650245.2950,touch,r,58
1784650245.2960,touch,g,100
1784650245.2960,touch,b,104
1784650245.3130,touch,r,57
1784650245.3130,touch,g,99
1784650245.3160,touch,b,94
1784650245.3530,touch,r,55
1784650245.3530,touch,g,99
1784650245.3560,touch,b,77
1784650245.3930,touch,r,54
1784650245.3930,touch,g,99
1784650245.3960,touch,b,63
1784650245.4330,touch,r,53
1784650245.4330,touch,g,99
1784650245.4360,touch,b,51
1784650245.4940,touch,r,53
1784650245.4970,touch,g,102
1784650245.4970,touch,b,39
1784650245.5730,touch,r,53
1784650245.5770,touch,g,111
1784650245.5780,touch,b,28
1784650245.6150,touch,r,53
1784650245.6180,touch,g,123
1784650245.6210,touch,b,26
1784650245.6330,touch,r,54
1784650245.6360,touch,g,138
1784650245.6360,touch,b,26
1784650245.6550,touch,r,56
1784650245.6590,touch,g,166
1784650245.6590,touch,b,28
1784650245.6740,touch,r,58
1784650245.6800,touch,g,193
1784650245.6810,touch,b,31
1784650245.6930,touch,r,59
1784650245.6960,touch,g,218
1784650245.6960,touch,b,33
1784650245.7130,touch,r,61
1784650245.7160,touch,g,242
1784650245.7160,touch,b,35
1784650245.7340,touch,r,62
1784650245.7380,touch,g,265
1784650245.7380,touch,b,38
1784650245.7530,touch,r,64
1784650245.7560,touch,g,286
1784650245.7560,touch,b,40
1784650245.7730,touch,r,65
1784650245.7760,touch,g,305
1784650245.7770,touch,b,42
1784650245.7930,touch,r,66
1784650245.7960,touch,g,322
1784650245.7960,touch,b,44
1784650245.8130,touch,r,67
1784650245.8160,touch,g,337
1784650245.8160,touch,b,46
1784650245.8330,touch,r,68
1784650245.8360,touch,g,350
1784650245.8360,touch,b,47
1784650245.8530,touch,r,68
1784650245.8560,touch,g,360
1784650245.8560,touch,b,48
1784650245.9340,touch,r,67
1784650245.9370,touch,g,340
1784650245.9380,touch,b,46
1784650245.9540,touch,r,66
1784650245.9560,touch,g,322
1784650245.9560,touch,b,44
1784650245.9740,touch,r,65
1784650245.9770,touch,g,304
1784650245.9770,touch,b,42
1784650245.9940,touch,r,64
1784650245.9960,touch,g,286
1784650245.9970,touch,b,40
1784650246.0140,touch,r,63
1784650246.0170,touch,g,270
1784650246.0180,touch,b,40
1784650246.0330,touch,r,63
1784650246.0360,touch,g,255
1784650246.0360,touch,b,39
1784650246.0530,touch,r,62
1784650246.0560,touch,g,241
1784650246.0560,touch,b,40
1784650246.0730,touch,r,62
1784650246.0770,touch,g,228
1784650246.0770,touch,b,41
1784650246.0930,touch,r,61
1784650246.0960,touch,g,216
1784650246.0960,touch,b,44
1784650246.1150,touch,r,62
1784650246.1180,touch,g,205
1784650246.1180,touch,b,52
1784650246.1340,touch,r,64
1784650246.1370,touch,g,196
1784650246.1370,touch,b,75
1784650246.1620,touch,r,65
1784650246.1620,touch,g,188
1784650246.1630,touch,b,98
1784650246.1730,touch,r,67
1784650246.1760,touch,g,181
1784650246.1770,touch,b,119
1784650246.1930,touch,r,69
1784650246.1960,touch,g,175
1784650246.1970,touch,b,139
1784650246.2130,touch,r,71
1784650246.2160,touch,g,169
1784650246.2160,touch,b,157
1784650246.2330,touch,r,72
1784650246.2370,touch,g,163
1784650246.2370,touch,b,173
1784650246.2550,touch,r,74
1784650246.2580,touch,g,158
1784650246.2580,touch,b,188
1784650246.2730,touch,r,75
1784650246.2770,touch,g,154
1784650246.2770,touch,b,202
1784650246.2930,touch,r,77
1784650246.2960,touch,g,150
1784650246.2960,touch,b,215
1784650246.3130,touch,r,79
1784650246.3160,touch,g,146
1784650246.3160,touch,b,227
1784650246.3410,touch,r,81
1784650246.3440,touch,g,143
1784650246.3440,touch,b,238
1784650246.3540,touch,r,84
1784650246.3570,touch,g,140
1784650246.3570,touch,b,248
1784650246.3740,touch,r,87
1784650246.3770,touch,g,137
1784650246.3780,touch,b,259
1784650246.4130,touch,r,97
1784650246.4160,touch,g,132
1784650246.4160,touch,b,274
1784650246.4550,touch,r,122
1784650246.4590,touch,g,127
1784650246.4590,touch,b,264
1784650246.4730,touch,r,153
1784650246.4770,touch,g,126
1784650246.4770,touch,b,251
1784650246.4930,touch,r,178
1784650246.4960,touch,g,125
1784650246.4960,touch,b,236
1784650246.5140,touch,r,201
1784650246.5180,touch,g,124
1784650246.5180,touch,b,222
1784650246.5330,touch,r,221
1784650246.5360,touch,g,123
1784650246.5370,touch,b,207
1784650246.5530,touch,r,240
1784650246.5560,touch,g,122
1784650246.5560,touch,b,194
1784650246.5730,touch,r,257
1784650246.5770,touch,g,122
1784650246.5770,touch,b,181
1784650246.5930,touch,r,272
1784650246.5960,touch,g,121
1784650246.5960,touch,b,169
1784650246.6130,touch,r,286
1784650246.6170,touch,g,121
1784650246.6180,touch,b,158
1784650246.6330,touch,r,298
1784650246.6360,touch,g,120
1784650246.6370,touch,b,148
1784650246.6530,touch,r,308
1784650246.6560,touch,g,120
1784650246.6560,touch,b,139
1784650246.6740,touch,r,318
1784650246.6780,touch,g,119
1784650246.6780,touch,b,130
1784650246.7130,touch,r,331
1784650246.7170,touch,g,119
1784650246.7170,touch,b,116
1784650246.7530,touch,r,334
1784650246.7560,touch,g,118
1784650246.7560,touch,b,103
1784650246.7730,touch,r,322
1784650246.7770,touch,g,117
1784650246.7770,touch,b,96
1784650246.7940,touch,r,306
1784650246.7970,touch,g,116
1784650246.7970,touch,b,89
1784650246.8130,touch,r,287
1784650246.8160,touch,g,115
1784650246.8160,touch,b,82
1784650246.8330,touch,r,267
1784650246.8360,touch,g,114
1784650246.8370,touch,b,76
1784650246.8530,touch,r,249
1784650246.8560,touch,g,114
1784650246.8560,touch,b,70
1784650246.8730,touch,r,232
1784650246.8770,touch,g,115
1784650246.8770,touch,b,65
1784650246.8940,touch,r,216
1784650246.8960,touch,g,119
1784650246.8960,touch,b,62
1784650246.9130,touch,r,202
1784650246.9160,touch,g,127
1784650246.9170,touch,b,59
1784650246.9340,touch,r,190
1784650246.9380,touch,g,154
1784650246.9380,touch,b,62
1784650246.9530,touch,r,180
1784650246.9560,touch,g,192
1784650246.9560,touch,b,67
1784650246.9730,touch,r,171
1784650246.9770,touch,g,227
1784650246.9780,touch,b,70
1784650246.9950,touch,r,162
1784650246.9970,touch,g,259
1784650246.9970,touch,b,73
1784650247.0130,touch,r,154
1784650247.0160,touch,g,287
1784650247.0160,touch,b,76
1784650247.0330,touch,r,146
1784650247.0360,touch,g,311
1784650247.0370,touch,b,77
1784650247.0530,touch,r,140
1784650247.0570,touch,g,332
1784650247.0570,touch,b,78
1784650247.0730,touch,r,133
1784650247.0770,touch,g,350
1784650247.0780,touch,b,79
1784650247.0960,touch,r,128
1784650247.0990,touch,g,365
1784650247.1000,touch,b,79
1784650247.1130,touch,r,123
1784650247.1160,touch,g,376
1784650247.1170,touch,b,79
1784650247.1560,touch,r,113
1784650247.1590,touch,g,358
1784650247.1590,touch,b,74
1784650247.1730,touch,r,108
1784650247.1770,touch,g,337
1784650247.1780,touch,b,69
1784650247.1930,touch,r,104
1784650247.1960,touch,g,317
1784650247.1970,touch,b,65
1784650247.2130,touch,r,100
1784650247.2160,touch,g,297
1784650247.2160,touch,b,60
1784650247.2330,touch,r,97
1784650247.2360,touch,g,278
1784650247.2360,touch,b,56
1784650247.2530,touch,r,96
1784650247.2590,touch,g,261
1784650247.2610,touch,b,52
1784650247.2720,touch,r,96
1784650247.2760,touch,g,245
1784650247.2760,touch,b,49
1784650247.2930,touch,r,101
1784650247.2960,touch,g,231
1784650247.2960,touch,b,46
1784650247.3130,touch,r,128
1784650247.3160,touch,g,219
1784650247.3160,touch,b,47
1784650247.3340,touch,r,152
1784650247.3370,touch,g,209
1784650247.3390,touch,b,48
1784650247.3530,touch,r,174
1784650247.3560,touch,g,199
1784650247.3560,touch,b,48
1784650247.3730,touch,r,194
1784650247.3760,touch,g,191
1784650247.3760,touch,b,49
1784650247.3940,touch,r,208
1784650247.3970,touch,g,183
1784650247.3970,touch,b,49
1784650247.4330,touch,r,201
1784650247.4360,touch,g,168
1784650247.4360,touch,b,45
1784650247.4570,touch,r,190
1784650247.4600,touch,g,161
1784650247.4640,touch,b,42
1784650247.4730,touch,r,179
1784650247.4780,touch,g,154
1784650247.4780,touch,b,39
1784650247.4930,touch,r,168
1784650247.4960,touch,g,149
1784650247.4970,touch,b,36
1784650247.5130,touch,r,157
1784650247.5160,touch,g,143
1784650247.5160,touch,b,34
1784650247.5330,touch,r,147
1784650247.5370,touch,g,138
1784650247.5370,touch,b,31
1784650247.5740,touch,r,130
1784650247.5770,touch,g,130
1784650247.5780,touch,b,27
1784650247.6130,touch,r,115
1784650247.6160,touch,g,124
1784650247.6170,touch,b,23
1784650247.6540,touch,r,104
1784650247.6570,touch,g,119
1784650247.6580,touch,b,20
1784650247.6940,touch,r,94
1784650247.6970,touch,g,114
1784650247.6980,touch,b,18
1784650247.7550,touch,r,83
1784650247.7580,touch,g,110
1784650247.7590,touch,b,15
1784650247.8340,touch,r,73
1784650247.8380,touch,g,106
1784650247.8380,touch,b,13
1784650248.1150,touch,r,81
1784650248.1200,touch,g,119
1784650248.1220,touch,b,18
1784650248.1540,touch,r,94
1784650248.1560,touch,g,133
1784650248.1590,touch,b,22
1784650248.1940,touch,r,108
1784650248.1980,touch,g,146
1784650248.1990,touch,b,26
1784650248.2330,touch,r,123
1784650248.2360,touch,g,159
1784650248.2370,touch,b,30
1784650248.2740,touch,r,138
1784650248.2780,touch,g,174
1784650248.2790,touch,b,34
1784650248.3130,touch,r,154
1784650248.3160,touch,g,194
1784650248.3160,touch,b,39
1784650248.3330,touch,r,162
1784650248.3360,touch,g,205
1784650248.3360,touch,b,42
1784650248.3740,touch,r,175
1784650248.3790,touch,g,219
1784650248.3790,touch,b,46
1784650248.4130,touch,r,184
1784650248.4160,touch,g,230
1784650248.4160,touch,b,50
1784650248.5570,touch,r,187
1784650248.5660,touch,g,232
1784650248.5660,touch,b,61
1784650248.6330,touch,r,190
1784650248.6380,touch,g,233
1784650248.6380,touch,b,72
1784650248.7140,touch,r,203
1784650248.7170,touch,g,243
1784650248.7180,touch,b,84
1784650248.7530,touch,r,212
1784650248.7560,touch,g,255
1784650248.7560,touch,b,93
1784650248.7950,touch,r,228
1784650248.7980,touch,g,273
1784650248.7990,touch,b,104
1784650248.8120,touch,r,239
1784650248.8160,touch,g,283
1784650248.8160,touch,b,110
1784650248.8330,touch,r,251
1784650248.8360,touch,g,293
1784650248.8360,touch,b,117
1784650248.8530,touch,r,263
1784650248.8560,touch,g,304
1784650248.8570,touch,b,124
1784650248.8730,touch,r,276
1784650248.8760,touch,g,315
1784650248.8760,touch,b,132
1784650248.8970,touch,r,288
1784650248.9010,touch,g,327
1784650248.9010,touch,b,140
1784650248.9130,touch,r,299
1784650248.9160,touch,g,337
1784650248.9170,touch,b,148
1784650248.9330,touch,r,311
1784650248.9360,touch,g,346
1784650248.9360,touch,b,155
1784650248.9530,touch,r,322
1784650248.9560,touch,g,355
1784650248.9570,touch,b,162
1784650248.9730,touch,r,337
1784650248.9760,touch,g,367
1784650248.9760,touch,b,171
1784650248.9930,touch,r,358
1784650248.9960,touch,g,384
1784650248.9970,touch,b,181
1784650249.0130,touch,r,383
1784650249.0160,touch,g,408
1784650249.0160,touch,b,194
1784650249.0330,touch,r,410
1784650249.0360,touch,g,436
1784650249.0360,touch,b,213
1784650249.0530,touch,r,440
1784650249.0560,touch,g,466
1784650249.0560,touch,b,241
1784650249.0740,touch,r,474
1784650249.0780,touch,g,494
1784650249.0790,touch,b,274
1784650249.0950,touch,r,508
1784650249.0990,touch,g,521
1784650249.0990,touch,b,305
1784650249.1120,touch,r,546
1784650249.1160,touch,g,553
1784650249.1160,touch,b,334
1784650249.1330,touch,r,593
1784650249.1360,touch,g,586
1784650249.1360,touch,b,369
1784650249.1530,touch,r,646
1784650249.1560,touch,g,625
1784650249.1560,touch,b,412
1784650249.1730,touch,r,698
1784650249.1760,touch,g,667
1784650249.1760,touch,b,462
1784650249.1930,touch,r,754
1784650249.1960,touch,g,709
1784650249.1970,touch,b,510
1784650249.2130,touch,r,814
1784650249.2160,touch,g,749
1784650249.2160,touch,b,564
1784650249.2330,touch,r,871
1784650249.2360,touch,g,790
1784650249.2360,touch,b,623
1784650249.2530,touch,r,930
1784650249.2560,touch,g,829
1784650249.2560,touch,b,680
1784650249.2730,touch,r,988
1784650249.2760,touch,g,869
1784650249.2760,touch,b,739
1784650249.2930,touch,r,1023
1784650249.2960,touch,g,908
1784650249.2970,touch,b,797
1784650249.3120,touch,r,1023
1784650249.3160,touch,g,947
1784650249.3160,touch,b,856
1784650249.3330,touch,r,1023
1784650249.3360,touch,g,985
1784650249.3370,touch,b,912
1784650249.3540,touch,r,1023
1784650249.3570,touch,g,1023
1784650249.3580,touch,b,968
1784650249.3730,touch,r,1023
1784650249.3760,touch,g,1023
1784650249.3770,touch,b,1020
1784650250.6550,touch,r,1023
1784650250.6610,touch,g,1013
1784650250.6620,touch,b,926
1784650250.6730,touch,r,1023
1784650250.6770,touch,g,924
1784650250.6770,touch,b,837
1784650250.6940,touch,r,1017
1784650250.6970,touch,g,842
1784650250.6970,touch,b,755
1784650250.7130,touch,r,922
1784650250.7160,touch,g,768
1784650250.7170,touch,b,681
1784650250.7340,touch,r,835
1784650250.7390,touch,g,701
1784650250.7410,touch,b,614
1784650250.7530,touch,r,757
1784650250.7560,touch,g,640
1784650250.7560,touch,b,554
1784650250.7760,touch,r,687
1784650250.7810,touch,g,586
1784650250.7830,touch,b,499
1784650250.7940,touch,r,623
1784650250.7970,touch,g,537
1784650250.7980,touch,b,450
1784650250.8150,touch,r,566
1784650250.8180,touch,g,493
1784650250.8190,touch,b,405
1784650250.8330,touch,r,514
1784650250.8360,touch,g,453
1784650250.8360,touch,b,365
1784650250.8530,touch,r,468
1784650250.8570,touch,g,417
1784650250.8570,touch,b,329
1784650250.8730,touch,r,426
1784650250.8760,touch,g,385
1784650250.8760,touch,b,296
1784650250.8930,touch,r,388
1784650250.8960,touch,g,356
1784650250.8970,touch,b,267
1784650250.9140,touch,r,354
1784650250.9160,touch,g,330
1784650250.9160,touch,b,241
1784650250.9330,touch,r,324
1784650250.9360,touch,g,306
1784650250.9360,touch,b,217
1784650250.9530,touch,r,296
1784650250.9570,touch,g,285
1784650250.9580,touch,b,195
1784650250.9730,touch,r,271
1784650250.9760,touch,g,266
1784650250.9760,touch,b,176
1784650250.9930,touch,r,249
1784650250.9960,touch,g,248
1784650250.9970,touch,b,159
1784650251.0130,touch,r,229
1784650251.0180,touch,g,233
1784650251.0180,touch,b,143
1784650251.0320,touch,r,211
1784650251.0360,touch,g,219
1784650251.0360,touch,b,129
1784650251.0530,touch,r,194
1784650251.0560,touch,g,207
1784650251.0560,touch,b,116
1784650251.0730,touch,r,180
1784650251.0760,touch,g,195
1784650251.0770,touch,b,105
1784650251.0940,touch,r,166
1784650251.1050,touch,g,185
1784650251.1050,touch,b,94
1784650251.1160,touch,r,154
1784650251.1180,touch,g,176
1784650251.1180,touch,b,85
1784650251.1370,touch,r,144
1784650251.1380,touch,g,168
1784650251.1380,touch,b,76
1784650251.1530,touch,r,134
1784650251.1560,touch,g,160
1784650251.1570,touch,b,69
1784650251.1930,touch,r,118
1784650251.1980,touch,g,147
1784650251.2000,touch,b,56
1784650251.2360,touch,r,104
1784650251.2420,touch,g,137
1784650251.2420,touch,b,46
1784650251.2750,touch,r,93
1784650251.2780,touch,g,129
1784650251.2790,touch,b,37
1784650251.3420,touch,r,81
1784650251.3480,touch,g,119
1784650251.3490,touch,b,28
1784650251.4130,touch,r,69
1784650251.4160,touch,g,110
1784650251.4170,touch,b,19
1784650251.5430,touch,r,59
1784650251.5430,touch,g,103
1784650251.5430,touch,b,11
1784650251.8740,touch,r,49
1784650251.8750,touch,g,95
1784650251.8810,touch,b,3
1784650252.5960,touch,r,50
1784650252.5980,touch,g,96
1784650252.6030,touch,b,14
1784650252.7180,touch,r,52
1784650252.7190,touch,g,96
1784650252.7280,touch,b,25
1784650252.8150,touch,r,52
1784650252.8150,touch,g,97
1784650252.8270,touch,b,36
1784650253.0560,touch,r,54
1784650253.0600,touch,g,98
1784650253.0600,touch,b,46
1784650253.1350,touch,r,55
1784650253.1360,touch,g,98
1784650253.1430,touch,b,56
1784650253.1740,touch,r,56
1784650253.1750,touch,g,99
1784650253.1770,touch,b,66
1784650253.2160,touch,r,57
1784650253.2210,touch,g,100
1784650253.2220,touch,b,77
1784650253.2540,touch,r,59
1784650253.2570,touch,g,100
1784650253.2570,touch,b,92
1784650253.2940,touch,r,60
1784650253.2960,touch,g,101
1784650253.3010,touch,b,109
1784650253.3340,touch,r,62
1784650253.3380,touch,g,102
1784650253.3380,touch,b,127
1784650253.3750,touch,r,64
1784650253.3790,touch,g,103
1784650253.3790,touch,b,143
1784650253.3950,touch,r,64
1784650253.3980,touch,g,104
1784650253.4020,touch,b,153
1784650253.4340,touch,r,66
1784650253.4380,touch,g,105
1784650253.4380,touch,b,170
1784650253.4740,touch,r,67
1784650253.4780,touch,g,106
1784650253.4800,touch,b,186
1784650253.5140,touch,r,69
1784650253.5190,touch,g,106
1784650253.5200,touch,b,200
1784650253.5540,touch,r,70
1784650253.5580,touch,g,107
1784650253.5580,touch,b,214
1784650253.5950,touch,r,71
1784650253.5980,touch,g,108
1784650253.5980,touch,b,226
1784650253.6340,touch,r,72
1784650253.6370,touch,g,108
1784650253.6370,touch,b,237
1784650253.6960,touch,r,73
1784650253.7000,touch,g,109
1784650253.7010,touch,b,251
1784650253.7540,touch,r,74
1784650253.7570,touch,g,110
1784650253.7570,touch,b,262
1784650253.8430,touch,r,74
1784650253.8490,touch,g,110
1784650253.8500,touch,b,274
1784650253.9350,touch,r,74
1784650253.9380,touch,g,111
1784650253.9390,touch,b,284
1784650254.1150,touch,r,76
1784650254.1200,touch,g,111
1784650254.1220,touch,b,294
1784650254.6550,touch,r,75
1784650254.6600,touch,g,111
1784650254.6600,touch,b,278
1784650254.6820,touch,r,73
1784650254.6820,touch,g,110
1784650254.6820,touch,b,263
1784650254.6940,touch,r,72
1784650254.6970,touch,g,109
1784650254.6970,touch,b,244
1784650254.7140,touch,r,70
1784650254.7170,touch,g,108
1784650254.7170,touch,b,224
1784650254.7340,touch,r,68
1784650254.7380,touch,g,107
1784650254.7380,touch,b,205
1784650254.7540,touch,r,67
1784650254.7570,touch,g,106
1784650254.7570,touch,b,187
1784650254.7730,touch,r,65
1784650254.7770,touch,g,105
1784650254.7770,touch,b,170
1784650254.7940,touch,r,64
1784650254.7970,touch,g,104
1784650254.7970,touch,b,154
1784650254.8140,touch,r,62
1784650254.8180,touch,g,103
1784650254.8180,touch,b,140
1784650254.8350,touch,r,61
1784650254.8380,touch,g,103
1784650254.8390,touch,b,127
1784650254.8540,touch,r,60
1784650254.8570,touch,g,102
1784650254.8580,touch,b,115
1784650254.8760,touch,r,59
1784650254.8790,touch,g,101
1784650254.8800,touch,b,104
1784650254.8960,touch,r,58
1784650254.9000,touch,g,100
1784650254.9000,touch,b,94
1784650254.9370,touch,r,56
1784650254.9380,touch,g,99
1784650254.9400,touch,b,77
1784650254.9740,touch,r,54
1784650254.9750,touch,g,98
1784650254.9770,touch,b,63
1784650255.0150,touch,r,53
1784650255.0160,touch,g,97
1784650255.0190,touch,b,51
1784650255.0740,touch,r,52
1784650255.0750,touch,g,97
1784650255.0780,touch,b,38
1784650255.1340,touch,r,51
1784650255.1350,touch,g,96
1784650255.1400,touch,b,28
1784650255.2340,touch,r,49
1784650255.2340,touch,g,95
1784650255.2370,touch,b,18
1784650255.4140,touch,r,48
1784650255.4140,touch,g,95
1784650255.4180,touch,b,8
1784650255.9140,touch,r,51
1784650255.9150,touch,g,96
1784650255.9200,touch,b,18
1784650256.0150,touch,r,52
1784650256.0160,touch,g,97
1784650256.0200,touch,b,29
1784650256.0740,touch,r,53
1784650256.0750,touch,g,97
1784650256.0780,touch,b,40
1784650256.1340,touch,r,55
1784650256.1350,touch,g,98
1784650256.1410,touch,b,57
1784650256.1540,touch,r,57
1784650256.1550,touch,g,99
1784650256.1580,touch,b,73
1784650256.1740,touch,r,58
1784650256.1770,touch,g,100
1784650256.1770,touch,b,92
1784650256.1940,touch,r,60
1784650256.1970,touch,g,100
1784650256.1970,touch,b,109
1784650256.2150,touch,r,61
1784650256.2180,touch,g,101
1784650256.2190,touch,b,125
1784650256.2350,touch,r,63
1784650256.2380,touch,g,102
1784650256.2390,touch,b,139
1784650256.2540,touch,r,64
1784650256.2570,touch,g,102
1784650256.2570,touch,b,152
1784650256.2740,touch,r,65
1784650256.2770,touch,g,103
1784650256.2770,touch,b,165
1784650256.2940,touch,r,66
1784650256.2970,touch,g,103
1784650256.2980,touch,b,176
1784650256.3140,touch,r,67
1784650256.3180,touch,g,104
1784650256.3180,touch,b,187
1784650256.3340,touch,r,68
1784650256.3370,touch,g,104
1784650256.3370,touch,b,197
1784650256.3740,touch,r,69
1784650256.3770,touch,g,105
1784650256.3770,touch,b,215
1784650256.4150,touch,r,70
1784650256.4190,touch,g,106
1784650256.4190,touch,b,230
1784650256.4560,touch,r,71
1784650256.4590,touch,g,107
1784650256.4600,touch,b,242
1784650256.4990,touch,r,72
1784650256.5030,touch,g,107
1784650256.5040,touch,b,252
1784650256.5550,touch,r,73
1784650256.5590,touch,g,108
1784650256.5590,touch,b,264
1784650256.6350,touch,r,74
1784650256.6390,touch,g,108
1784650256.6400,touch,b,276
1784650256.7560,touch,r,75
1784650256.7610,touch,g,108
1784650256.7610,touch,b,287
1784650256.9940,touch,r,76
1784650256.9990,touch,g,109
1784650257.0040,touch,b,297
1784650258.0970,touch,r,74
1784650258.1010,touch,g,108
1784650258.1020,touch,b,272
1784650258.1140,touch,r,72
1784650258.1170,touch,g,107
1784650258.1170,touch,b,250
1784650258.1340,touch,r,70
1784650258.1370,touch,g,106
1784650258.1380,touch,b,228
1784650258.1550,touch,r,68
1784650258.1580,touch,g,105
1784650258.1600,touch,b,207
1784650258.1730,touch,r,67
1784650258.1770,touch,g,104
1784650258.1770,touch,b,188
1784650258.1930,touch,r,65
1784650258.1970,touch,g,103
1784650258.1970,touch,b,170
1784650258.2150,touch,r,63
1784650258.2190,touch,g,102
1784650258.2190,touch,b,153
1784650258.2330,touch,r,62
1784650258.2370,touch,g,101
1784650258.2380,touch,b,138
1784650258.2530,touch,r,60
1784650258.2570,touch,g,101
1784650258.2570,touch,b,125
1784650258.2730,touch,r,59
1784650258.2770,touch,g,100
1784650258.2770,touch,b,112
1784650258.2930,touch,r,58
1784650258.2940,touch,g,99
1784650258.2970,touch,b,101
1784650258.3340,touch,r,56
1784650258.3350,touch,g,98
1784650258.3370,touch,b,83
1784650258.3730,touch,r,54
1784650258.3740,touch,g,98
1784650258.3770,touch,b,67
1784650258.4140,touch,r,53
1784650258.4140,touch,g,97
1784650258.4170,touch,b,55
1784650258.4540,touch,r,52
1784650258.4550,touch,g,96
1784650258.4590,touch,b,45
1784650258.5150,touch,r,51
1784650258.5160,touch,g,96
1784650258.5210,touch,b,33
1784650258.5940,touch,r,50
1784650258.5950,touch,g,95
1784650258.6020,touch,b,22
1784650258.7340,touch,r,49
1784650258.7340,touch,g,95
1784650258.7370,touch,b,12
1784650259.6170,touch,r,50
1784650259.6210,touch,g,106
1784650259.6220,touch,b,7
1784650259.6970,touch,r,52
1784650259.6980,touch,g,119
1784650259.7040,touch,b,10
1784650259.7590,touch,r,53
1784650259.7630,touch,g,131
1784650259.7700,touch,b,13
1784650259.8190,touch,r,54
1784650259.8220,touch,g,144
1784650259.8230,touch,b,16
1784650259.8540,touch,r,55
1784650259.8700,touch,g,156
1784650259.8720,touch,b,18
1784650259.9000,touch,r,56
1784650259.9060,touch,g,167
1784650259.9080,touch,b,20
1784650259.9350,touch,r,57
1784650259.9410,touch,g,178
1784650259.9430,touch,b,21
1784650259.9760,touch,r,58
1784650259.9820,touch,g,191
1784650259.9840,touch,b,24
1784650260.0150,touch,r,59
1784650260.0170,touch,g,202
1784650260.0230,touch,b,27
1784650260.0540,touch,r,59
1784650260.0580,touch,g,213
1784650260.0600,touch,b,29
1784650260.0930,touch,r,60
1784650260.0970,touch,g,225
1784650260.0970,touch,b,32
1784650260.1340,touch,r,62
1784650260.1400,touch,g,245
1784650260.1410,touch,b,36
1784650260.1600,touch,r,62
1784650260.1620,touch,g,260
1784650260.1660,touch,b,39
1784650260.1750,touch,r,63
1784650260.1770,touch,g,276
1784650260.1770,touch,b,41
1784650260.1940,touch,r,64
1784650260.1970,touch,g,292
1784650260.1980,touch,b,44
1784650260.2130,touch,r,65
1784650260.2170,touch,g,309
1784650260.2170,touch,b,47
1784650260.2360,touch,r,65
1784650260.2410,touch,g,326
1784650260.2410,touch,b,50
1784650260.2540,touch,r,66
1784650260.2570,touch,g,341
1784650260.2570,touch,b,52
1784650260.2740,touch,r,67
1784650260.2770,touch,g,357
1784650260.2770,touch,b,55
1784650260.2940,touch,r,68
1784650260.2970,touch,g,372
1784650260.2980,touch,b,57
1784650260.3140,touch,r,69
1784650260.3170,touch,g,387
1784650260.3170,touch,b,60
1784650260.3340,touch,r,69
1784650260.3350,touch,g,400
1784650260.3420,touch,b,62
1784650260.3530,touch,r,70
1784650260.3570,touch,g,413
1784650260.3580,touch,b,64
1784650260.3750,touch,r,71
1784650260.3770,touch,g,425
1784650260.3770,touch,b,67
1784650260.3950,touch,r,71
1784650260.3980,touch,g,437
1784650260.3990,touch,b,68
1784650260.4170,touch,r,72
1784650260.4240,touch,g,447
1784650260.4240,touch,b,70
1784650260.4530,touch,r,73
1784650260.4570,touch,g,465
1784650260.4580,touch,b,73
1784650260.4970,touch,r,73
1784650260.5010,touch,g,480
1784650260.5020,touch,b,75
1784650260.5340,touch,r,74
1784650260.5380,touch,g,493
1784650260.5380,touch,b,77
1784650260.5760,touch,r,75
1784650260.5790,touch,g,504
1784650260.5790,touch,b,79
1784650260.6140,touch,r,75
1784650260.6170,touch,g,514
1784650260.6190,touch,b,80
1784650260.6740,touch,r,76
1784650260.6780,touch,g,525
1784650260.6790,touch,b,82
1784650260.7540,touch,r,76
1784650260.7570,touch,g,536
1784650260.7570,touch,b,83
1784650260.8800,touch,r,77
1784650260.8850,touch,g,546
1784650260.8860,touch,b,84
1784650261.5140,touch,r,78
1784650261.5180,touch,g,556
1784650261.5180,touch,b,83
1784650261.6370,touch,r,78
1784650261.6400,touch,g,545
1784650261.6410,touch,b,80
1784650261.6550,touch,r,77
1784650261.6580,touch,g,533
1784650261.6590,touch,b,77
1784650261.6780,touch,r,76
1784650261.6810,touch,g,505
1784650261.6810,touch,b,72
1784650261.7030,touch,r,74
1784650261.7060,touch,g,471
1784650261.7060,touch,b,67
1784650261.7140,touch,r,72
1784650261.7180,touch,g,436
1784650261.7190,touch,b,61
1784650261.7340,touch,r,70
1784650261.7370,touch,g,404
1784650261.7370,touch,b,56
1784650261.7530,touch,r,68
1784650261.7570,touch,g,374
1784650261.7570,touch,b,51
1784650261.7770,touch,r,66
1784650261.7820,touch,g,346
1784650261.7820,touch,b,46
1784650261.7990,touch,r,64
1784650261.8020,touch,g,321
1784650261.8030,touch,b,42
1784650261.8130,touch,r,63
1784650261.8170,touch,g,299
1784650261.8170,touch,b,38
1784650261.8340,touch,r,61
1784650261.8370,touch,g,278
1784650261.8370,touch,b,34
1784650261.8530,touch,r,60
1784650261.8570,touch,g,260
1784650261.8570,touch,b,31
1784650261.8740,touch,r,59
1784650261.8790,touch,g,243
1784650261.8810,touch,b,28
1784650261.8940,touch,r,58
1784650261.8970,touch,g,228
1784650261.8980,touch,b,26
1784650261.9140,touch,r,57
1784650261.9180,touch,g,215
1784650261.9180,touch,b,23
1784650261.9340,touch,r,56
1784650261.9370,touch,g,203
1784650261.9380,touch,b,21
1784650261.9570,touch,r,55
1784650261.9600,touch,g,192
1784650261.9600,touch,b,19
1784650261.9730,touch,r,54
1784650261.9750,touch,g,182
1784650261.9790,touch,b,18
1784650262.0150,touch,r,53
1784650262.0180,touch,g,165
1784650262.0180,touch,b,14
1784650262.0570,touch,r,52
1784650262.0610,touch,g,152
1784650262.0620,touch,b,12
1784650262.0960,touch,r,51
1784650262.1000,touch,g,141
1784650262.1010,touch,b,10
1784650262.1540,touch,r,50
1784650262.1590,touch,g,128
1784650262.1590,touch,b,8
1784650262.2350,touch,r,49
1784650262.2380,touch,g,116
1784650262.2380,touch,b,6
1784650262.3540,touch,r,49
1784650262.3590,touch,g,106
1784650262.3590,touch,b,4
1784650262.6950,touch,r,51
1784650262.6980,touch,g,121
1784650262.6990,touch,b,8
1784650262.7350,touch,r,53
1784650262.7390,touch,g,149
1784650262.7400,touch,b,13
1784650262.7530,touch,r,55
1784650262.7580,touch,g,180
1784650262.7580,touch,b,17
1784650262.7740,touch,r,57
1784650262.7770,touch,g,209
1784650262.7770,touch,b,21
1784650262.7960,touch,r,59
1784650262.7990,touch,g,237
1784650262.7990,touch,b,24
1784650262.8190,touch,r,60
1784650262.8240,touch,g,263
1784650262.8260,touch,b,28
1784650262.8340,touch,r,61
1784650262.8370,touch,g,287
1784650262.8370,touch,b,31
1784650262.8540,touch,r,62
1784650262.8570,touch,g,310
1784650262.8570,touch,b,33
1784650262.8740,touch,r,64
1784650262.8770,touch,g,331
1784650262.8770,touch,b,36
1784650262.8930,touch,r,65
1784650262.8970,touch,g,350
1784650262.8970,touch,b,38
1784650262.9170,touch,r,66
1784650262.9210,touch,g,368
1784650262.9210,touch,b,40
1784650262.9330,touch,r,67
1784650262.9370,touch,g,384
1784650262.9370,touch,b,42
1784650262.9540,touch,r,68
1784650262.9570,touch,g,398
1784650262.9570,touch,b,44
1784650262.9730,touch,r,69
1784650262.9770,touch,g,412
1784650262.9770,touch,b,45
1784650263.0310,touch,r,70
1784650263.0610,touch,g,434
1784650263.0630,touch,b,47
1784650263.0640,touch,r,71
1784650263.0660,touch,g,444
1784650263.0660,touch,b,48
1784650263.1200,touch,g,475
1784650263.1210,touch,b,52
1784650263.1550,touch,r,73
1784650263.1580,touch,g,486
1784650263.1580,touch,b,53
1784650263.1940,touch,r,74
1784650263.1970,touch,g,496
1784650263.1980,touch,b,54
1784650263.2540,touch,r,75
1784650263.2570,touch,g,508
1784650263.2570,touch,b,56
1784650263.3370,touch,r,76
1784650263.3420,touch,g,520
1784650263.3420,touch,b,57
1784650263.4570,touch,r,77
1784650263.4620,touch,g,531
1784650263.4630,touch,b,59
1784650263.7350,touch,r,76
1784650263.7420,touch,g,510
1784650263.7430,touch,b,57
1784650263.7530,touch,r,74
1784650263.7570,touch,g,476
1784650263.7580,touch,b,53
1784650263.7740,touch,r,72
1784650263.7770,touch,g,441
1784650263.7770,touch,b,49
1784650263.7930,touch,r,69
1784650263.7970,touch,g,408
1784650263.7970,touch,b,45
1784650263.8140,touch,r,68
1784650263.8170,touch,g,378
1784650263.8170,touch,b,41
1784650263.8350,touch,r,66
1784650263.8370,touch,g,350
1784650263.8420,touch,b,37
1784650263.8540,touch,r,64
1784650263.8580,touch,g,325
1784650263.8580,touch,b,34
1784650263.8750,touch,r,63
1784650263.8780,touch,g,302
1784650263.8780,touch,b,30
1784650263.8940,touch,r,61
1784650263.8980,touch,g,281
1784650263.8980,touch,b,28
1784650263.9140,touch,r,60
1784650263.9170,touch,g,263
1784650263.9170,touch,b,25
1784650263.9350,touch,r,59
1784650263.9380,touch,g,246
1784650263.9380,touch,b,23
1784650263.9540,touch,r,58
1784650263.9580,touch,g,231
1784650263.9580,touch,b,21
1784650263.9760,touch,r,57
1784650263.9790,touch,g,217
1784650263.9790,touch,b,19
1784650263.9930,touch,r,56
1784650263.9970,touch,g,205
1784650263.9970,touch,b,17
1784650264.0160,touch,r,55
1784650264.0190,touch,g,194
1784650264.0190,touch,b,16
1784650264.0330,touch,r,55
1784650264.0370,touch,g,184
1784650264.0370,touch,b,14
1784650264.0740,touch,r,53
1784650264.0780,touch,g,167
1784650264.0780,touch,b,12
1784650264.1140,touch,r,52
1784650264.1170,touch,g,153
1784650264.1170,touch,b,10
1784650264.1540,touch,r,52
1784650264.1570,touch,g,142
1784650264.1580,touch,b,9
1784650264.2140,touch,r,51
1784650264.2180,touch,g,129
1784650264.2180,touch,b,7
1784650264.2940,touch,r,50
1784650264.2980,touch,g,118
1784650264.2990,touch,b,5
1784650264.3950,touch,r,49
1784650264.3990,touch,g,108
1784650264.4000,touch,b,4
1784650264.6540,touch,r,49
1784650264.6550,touch,g,98
1784650264.6590,touch,b,3
1784650264.8560,touch,r,61
1784650264.8570,touch,g,97
1784650264.8620,touch,b,5
1784650264.8960,touch,r,72
1784650264.9000,touch,g,98
1784650264.9060,touch,b,7
1784650264.9340,touch,r,88
1784650264.9350,touch,g,99
1784650264.9370,touch,b,10
1784650264.9600,touch,r,99
1784650264.9610,touch,g,99
1784650264.9660,touch,b,11
1784650264.9740,touch,r,113
1784650264.9770,touch,g,99
1784650264.9770,touch,b,13
1784650264.9940,touch,r,128
1784650264.9960,touch,g,100
1784650265.0010,touch,b,15
1784650265.0160,touch,r,144
1784650265.0220,touch,g,101
1784650265.0240,touch,b,17
1784650265.0360,touch,r,160
1784650265.0380,touch,g,102
1784650265.0390,touch,b,19
1784650265.0560,touch,r,177
1784650265.0710,touch,g,103
1784650265.0720,touch,b,21
1784650265.0780,touch,r,193
1784650265.0820,touch,g,104
1784650265.0820,touch,b,21
1784650265.0990,touch,r,207
1784650265.1080,touch,g,105
1784650265.1100,touch,b,23
1784650265.1140,touch,r,220
1784650265.1170,touch,g,104
1784650265.1170,touch,b,25
1784650265.1340,touch,r,232
1784650265.1380,touch,g,105
1784650265.1400,touch,b,26
1784650265.1540,touch,r,244
1784650265.1580,touch,g,106
1784650265.1590,touch,b,28
1784650265.1770,touch,r,255
1784650265.1810,touch,g,107
1784650265.1820,touch,b,30
1784650265.1960,touch,r,266
1784650265.2000,touch,g,108
1784650265.2000,touch,b,31
1784650265.2140,touch,r,277
1784650265.2160,touch,g,108
1784650265.2220,touch,b,33
1784650265.2340,touch,r,288
1784650265.2360,touch,g,109
1784650265.2390,touch,b,34
1784650265.2740,touch,r,307
1784650265.2770,touch,g,110
1784650265.2770,touch,b,36
1784650265.3170,touch,r,323
1784650265.3190,touch,g,112
1784650265.3230,touch,b,39
1784650265.3560,touch,r,338
1784650265.3600,touch,g,113
1784650265.3600,touch,b,40
1784650265.3940,touch,r,350
1784650265.3980,touch,g,113
1784650265.3990,touch,b,42
1784650265.4340,touch,r,361
1784650265.4380,touch,g,114
1784650265.4380,touch,b,43
1784650265.4960,touch,r,374
1784650265.5000,touch,g,115
1784650265.5010,touch,b,45
1784650265.5540,touch,r,384
1784650265.5570,touch,g,116
1784650265.5580,touch,b,46
1784650265.6360,touch,r,394
1784650265.6400,touch,g,116
1784650265.6410,touch,b,48
1784650265.7790,touch,r,404
1784650265.7810,touch,g,117
1784650265.7820,touch,b,49
1784650266.1340,touch,r,414
1784650266.1370,touch,g,118
1784650266.1380,touch,b,51
1784650266.4350,touch,r,391
1784650266.4390,touch,g,116
1784650266.4400,touch,b,48
1784650266.4540,touch,r,366
1784650266.4570,touch,g,115
1784650266.4570,touch,b,45
1784650266.4750,touch,r,340
1784650266.4780,touch,g,113
1784650266.4780,touch,b,42
1784650266.4950,touch,r,314
1784650266.4980,touch,g,112
1784650266.4980,touch,b,38
1784650266.5140,touch,r,289
1784650266.5170,touch,g,110
1784650266.5190,touch,b,35
1784650266.5330,touch,r,266
1784650266.5370,touch,g,109
1784650266.5370,touch,b,32
1784650266.5550,touch,r,244
1784650266.5580,touch,g,108
1784650266.5590,touch,b,29
1784650266.5760,touch,r,225
1784650266.5790,touch,g,106
1784650266.5790,touch,b,27
1784650266.5950,touch,r,207
1784650266.5990,touch,g,105
1784650266.5990,touch,b,24
1784650266.6130,touch,r,192
1784650266.6170,touch,g,104
1784650266.6170,touch,b,22
1784650266.6330,touch,r,177
1784650266.6370,touch,g,103
1784650266.6370,touch,b,20
1784650266.6550,touch,r,164
1784650266.6580,touch,g,102
1784650266.6590,touch,b,18
1784650266.6730,touch,r,153
1784650266.6770,touch,g,101
1784650266.6770,touch,b,17
1784650266.6930,touch,r,142
1784650266.6950,touch,g,101
1784650266.6990,touch,b,15
1784650266.7350,touch,r,124
1784650266.7400,touch,g,100
1784650266.7400,touch,b,13
1784650266.7750,touch,r,110
1784650266.7780,touch,g,98
1784650266.7790,touch,b,11
1784650266.8170,touch,r,98
1784650266.8180,touch,g,98
1784650266.8210,touch,b,9
1784650266.8750,touch,r,85
1784650266.8760,touch,g,97
1784650266.8810,touch,b,7
1784650266.9340,touch,r,75
1784650266.9360,touch,g,96
1784650266.9400,touch,b,6
1784650267.0350,touch,r,64
1784650267.0360,touch,g,95
1784650267.0420,touch,b,4
1784650267.2340,touch,r,54
1784650267.2400,touch,g,96
1784650267.2400,touch,b,4
1784650267.3740,touch,r,53
1784650267.3750,touch,g,98
1784650267.3800,touch,b,15
1784650267.4140,touch,r,54
1784650267.4190,touch,g,99
1784650267.4200,touch,b,25
1784650267.4540,touch,r,56
1784650267.4570,touch,g,102
1784650267.4570,touch,b,54
1784650267.4810,touch,r,58
1784650267.4830,touch,g,105
1784650267.4890,touch,b,76
1784650267.4980,touch,r,59
1784650267.5010,touch,g,106
1784650267.5010,touch,b,92
1784650267.5160,touch,r,61
1784650267.5180,touch,g,108
1784650267.5290,touch,b,109
1784650267.5370,touch,r,61
1784650267.5400,touch,g,109
1784650267.5410,touch,b,125
1784650267.5540,touch,r,63
1784650267.5560,touch,g,111
1784650267.5600,touch,b,140
1784650267.5750,touch,r,64
1784650267.5780,touch,g,112
1784650267.5790,touch,b,154
1784650267.5950,touch,r,65
1784650267.5970,touch,g,113
1784650267.6000,touch,b,166
1784650267.6160,touch,r,66
1784650267.6180,touch,g,115
1784650267.6220,touch,b,178
1784650267.6350,touch,r,67
1784650267.6380,touch,g,116
1784650267.6380,touch,b,189
1784650267.6530,touch,r,67
1784650267.6550,touch,g,117
1784650267.6590,touch,b,199
1784650267.6940,touch,r,69
1784650267.6960,touch,g,118
1784650267.7000,touch,b,216
1784650267.7410,touch,r,70
1784650267.7450,touch,g,120
1784650267.7460,touch,b,231
1784650267.7740,touch,r,71
1784650267.7780,touch,g,121
1784650267.7780,touch,b,243
1784650267.8140,touch,r,72
1784650267.8170,touch,g,122
1784650267.8180,touch,b,254
1784650267.8760,touch,r,73
1784650267.8800,touch,g,123
1784650267.8800,touch,b,266
1784650267.9960,touch,r,72
1784650268.0010,touch,g,123
1784650268.0010,touch,b,240
1784650268.0130,touch,r,70
1784650268.0150,touch,g,121
1784650268.0200,touch,b,221
1784650268.0350,touch,r,68
1784650268.0400,touch,g,120
1784650268.0410,touch,b,202
1784650268.0630,touch,r,67
1784650268.0660,touch,g,118
1784650268.0730,touch,b,184
1784650268.0770,touch,r,65
1784650268.0790,touch,g,115
1784650268.0870,touch,b,166
1784650268.1000,touch,r,63
1784650268.1030,touch,g,113
1784650268.1030,touch,b,151
1784650268.1150,touch,r,62
1784650268.1180,touch,g,111
1784650268.1180,touch,b,136
1784650268.1360,touch,r,61
1784650268.1390,touch,g,110
1784650268.1390,touch,b,123
1784650268.1550,touch,r,59
1784650268.1570,touch,g,109
1784650268.1600,touch,b,111
1784650268.1750,touch,r,58
1784650268.1780,touch,g,107
1784650268.1790,touch,b,100
1784650268.2160,touch,r,56
1784650268.2190,touch,g,105
1784650268.2190,touch,b,82
1784650268.2540,touch,r,55
1784650268.2550,touch,g,103
1784650268.2600,touch,b,67
1784650268.2940,touch,r,54
1784650268.2970,touch,g,102
1784650268.2980,touch,b,55
1784650268.3340,touch,r,53
1784650268.3370,touch,g,100
1784650268.3370,touch,b,45
1784650268.3960,touch,r,52
1784650268.3980,touch,g,99
1784650268.4020,touch,b,33
1784650268.4750,touch,r,51
1784650268.4770,touch,g,98
1784650268.4830,touch,b,23
1784650268.6180,touch,r,50
1784650268.6190,touch,g,97
1784650268.6290,touch,b,13
1784650268.7740,touch,r,55
1784650268.7780,touch,g,107
1784650268.7780,touch,b,12
1784650268.8340,touch,r,59
1784650268.8390,touch,g,117
1784650268.8390,touch,b,15
1784650268.9150,touch,r,63
1784650268.9190,touch,g,128
1784650268.9200,touch,b,19
1784650269.0360,touch,r,67
1784650269.0400,touch,g,138
1784650269.0400,touch,b,25
1784650269.1370,touch,r,74
1784650269.1420,touch,g,149
1784650269.1420,touch,b,36
1784650269.2140,touch,r,82
1784650269.2180,touch,g,153
1784650269.2180,touch,b,47
1784650269.3180,touch,r,93
1784650269.3230,touch,g,146
1784650269.3240,touch,b,57
1784650269.3940,touch,r,99
1784650269.3980,touch,g,136
1784650269.3980,touch,b,60
1784650269.4750,touch,r,100
1784650269.4810,touch,g,125
1784650269.4840,touch,b,55
1784650269.5550,touch,r,89
1784650269.5600,touch,g,115
1784650269.5600,touch,b,43
1784650269.6140,touch,r,79
1784650269.6170,touch,g,110
1784650269.6170,touch,b,33
1784650269.6960,touch,r,69
1784650269.7000,touch,g,105
1784650269.7000,touch,b,22
1784650269.8150,touch,r,59
1784650269.8190,touch,g,100
1784650269.8200,touch,b,13
1784650270.2370,touch,r,50
1784650270.2380,touch,g,95
1784650270.2410,touch,b,3
1784650270.8750,touch,r,60
1784650270.8760,touch,g,96
1784650270.8800,touch,b,4
1784650271.0330,touch,r,68
1784650271.0370,touch,g,107
1784650271.0370,touch,b,8
1784650271.2380,touch,r,59
1784650271.2410,touch,g,108
1784650271.2410,touch,b,18
1784650271.4950,touch,r,51
1784650271.4960,touch,g,98
1784650271.5010,touch,b,9
1784650272.3940,touch,r,54
1784650272.3970,touch,g,108
1784650272.3980,touch,b,12
1784650272.5760,touch,r,64
1784650272.5800,touch,g,104
1784650272.5800,touch,b,9
1784650272.8750,touch,r,54
1784650272.8760,touch,g,96
1784650272.8820,touch,b,4
1784650273.5370,touch,g,108
1784650273.5380,touch,b,6
1784650273.5950,touch,r,55
1784650273.5990,touch,g,121
1784650273.5990,touch,b,8
1784650273.6330,touch,r,56
1784650273.6360,touch,g,132
1784650273.6370,touch,b,10
1784650273.6780,touch,r,58
1784650273.6810,touch,g,142
1784650273.6810,touch,b,12
1784650273.7150,touch,r,59
1784650273.7180,touch,g,153
1784650273.7180,touch,b,13
1784650273.7540,touch,r,61
1784650273.7570,touch,g,167
1784650273.7570,touch,b,15
1784650273.7950,touch,r,64
1784650273.7980,touch,g,189
1784650273.7980,touch,b,18
1784650273.8130,touch,r,66
1784650273.8170,touch,g,209
1784650273.8170,touch,b,20
1784650273.8340,touch,r,68
1784650273.8370,touch,g,227
1784650273.8370,touch,b,21
1784650273.8560,touch,r,69
1784650273.8580,touch,g,243
1784650273.8590,touch,b,23
1784650273.8740,touch,r,70
1784650273.8760,touch,g,254
1784650273.8770,touch,b,24
1784650273.9740,touch,r,69
1784650273.9770,touch,g,236
1784650273.9780,touch,b,23
1784650273.9940,touch,r,68
1784650273.9970,touch,g,225
1784650273.9970,touch,b,21
1784650274.0140,touch,r,66
1784650274.0180,touch,g,213
1784650274.0180,touch,b,20
1784650274.0330,touch,r,65
1784650274.0370,touch,g,202
1784650274.0370,touch,b,18
1784650274.0530,touch,r,63
1784650274.0590,touch,g,192
1784650274.0590,touch,b,17
1784650274.0740,touch,r,62
1784650274.0770,touch,g,182
1784650274.0790,touch,b,15
1784650274.1130,touch,r,59
1784650274.1170,touch,g,166
1784650274.1170,touch,b,13
1784650274.1530,touch,r,57
1784650274.1570,touch,g,152
1784650274.1580,touch,b,11
1784650274.1940,touch,r,56
1784650274.1980,touch,g,141
1784650274.1980,touch,b,9
1784650274.2530,touch,r,54
1784650274.2590,touch,g,129
1784650274.2590,touch,b,7
1784650274.3340,touch,r,52
1784650274.3370,touch,g,117
1784650274.3380,touch,b,5
1784650274.4550,touch,r,50
1784650274.4600,touch,g,107
1784650274.4610,touch,b,4
1784650274.6370,touch,r,53
1784650274.6410,touch,g,120
1784650274.6410,touch,b,8
1784650274.6760,touch,r,57
1784650274.6800,touch,g,143
1784650274.6810,touch,b,11
1784650274.6960,touch,r,59
1784650274.7030,touch,g,172
1784650274.7050,touch,b,14
1784650274.7130,touch,r,62
1784650274.7180,touch,g,197
1784650274.7180,touch,b,17
1784650274.7350,touch,r,65
1784650274.7370,touch,g,223
1784650274.7370,touch,b,20
1784650274.7540,touch,r,67
1784650274.7570,touch,g,247
1784650274.7580,touch,b,22
1784650274.7730,touch,r,69
1784650274.7750,touch,g,269
1784650274.7800,touch,b,24
1784650274.7930,touch,r,71
1784650274.7960,touch,g,290
1784650274.7970,touch,b,26
1784650274.8130,touch,r,73
1784650274.8170,touch,g,309
1784650274.8180,touch,b,28
1784650274.8330,touch,r,75
1784650274.8360,touch,g,327
1784650274.8370,touch,b,30
1784650274.8530,touch,r,77
1784650274.8560,touch,g,344
1784650274.8560,touch,b,31
1784650274.8730,touch,r,78
1784650274.8770,touch,g,360
1784650274.8770,touch,b,33
1784650274.8930,touch,r,80
1784650274.8960,touch,g,375
1784650274.8970,touch,b,34
1784650274.9130,touch,r,81
1784650274.9170,touch,g,388
1784650274.9170,touch,b,35
1784650274.9350,touch,r,82
1784650274.9390,touch,g,401
1784650274.9390,touch,b,36
1784650274.9570,touch,r,83
1784650274.9600,touch,g,412
1784650274.9600,touch,b,37
1784650274.9740,touch,r,84
1784650274.9770,touch,g,422
1784650274.9780,touch,b,38
1784650275.0140,touch,r,85
1784650275.0190,touch,g,440
1784650275.0190,touch,b,40
1784650275.0580,touch,r,87
1784650275.0630,touch,g,455
1784650275.0750,touch,b,41
1784650275.0940,touch,r,88
1784650275.0970,touch,g,467
1784650275.0970,touch,b,42
1784650275.1580,touch,r,89
1784650275.1620,touch,g,480
1784650275.1620,touch,b,43
1784650275.2140,touch,r,86
1784650275.2180,touch,g,458
1784650275.2190,touch,b,42
1784650275.2340,touch,r,84
1784650275.2380,touch,g,430
1784650275.2380,touch,b,39
1784650275.2530,touch,r,81
1784650275.2570,touch,g,400
1784650275.2570,touch,b,36
1784650275.2730,touch,r,78
1784650275.2760,touch,g,371
1784650275.2770,touch,b,33
1784650275.2930,touch,r,76
1784650275.2960,touch,g,344
1784650275.2970,touch,b,30
1784650275.3150,touch,r,73
1784650275.3180,touch,g,320
1784650275.3190,touch,b,28
1784650275.3330,touch,r,71
1784650275.3360,touch,g,297
1784650275.3370,touch,b,25
1784650275.3550,touch,r,68
1784650275.3580,touch,g,277
1784650275.3590,touch,b,23
1784650275.3730,touch,r,66
1784650275.3760,touch,g,259
1784650275.3770,touch,b,21
1784650275.3940,touch,r,65
1784650275.3970,touch,g,243
1784650275.3980,touch,b,19
1784650275.4140,touch,r,63
1784650275.4190,touch,g,228
1784650275.4200,touch,b,17
1784650275.4330,touch,r,62
1784650275.4360,touch,g,215
1784650275.4370,touch,b,16
1784650275.4530,touch,r,60
1784650275.4560,touch,g,203
1784650275.4570,touch,b,14
1784650275.4730,touch,r,59
1784650275.4760,touch,g,192
1784650275.4770,touch,b,13
1784650275.4950,touch,r,58
1784650275.4980,touch,g,182
1784650275.4980,touch,b,12
1784650275.5330,touch,r,56
1784650275.5370,touch,g,165
1784650275.5370,touch,b,10
1784650275.5730,touch,r,54
1784650275.5760,touch,g,152
1784650275.5770,touch,b,8
1784650275.6140,touch,r,53
1784650275.6170,touch,g,141
1784650275.6180,touch,b,7
1784650275.6730,touch,r,52
1784650275.6760,touch,g,129
1784650275.6770,touch,b,6
1784650275.7540,touch,r,51
1784650275.7580,touch,g,117
1784650275.7580,touch,b,4
1784650275.8750,touch,r,50
1784650275.8790,touch,g,107
1784650275.8800,touch,b,4
1784650276.0340,touch,r,52
1784650276.0380,touch,g,103
1784650276.0390,touch,b,18
1784650276.0760,touch,r,54
1784650276.0790,touch,g,106
1784650276.0790,touch,b,39
1784650276.0950,touch,r,56
1784650276.0990,touch,g,109
1784650276.0990,touch,b,62
1784650276.1130,touch,r,58
1784650276.1170,touch,g,112
1784650276.1170,touch,b,83
1784650276.1340,touch,r,59
1784650276.1370,touch,g,114
1784650276.1380,touch,b,102
1784650276.1530,touch,r,61
1784650276.1570,touch,g,116
1784650276.1570,touch,b,120
1784650276.1730,touch,r,62
1784650276.1760,touch,g,118
1784650276.1770,touch,b,137
1784650276.1940,touch,r,63
1784650276.1970,touch,g,120
1784650276.1970,touch,b,153
1784650276.2130,touch,r,65
1784650276.2170,touch,g,121
1784650276.2170,touch,b,167
1784650276.2370,touch,r,66
1784650276.2400,touch,g,123
1784650276.2400,touch,b,181
1784650276.2530,touch,r,67
1784650276.2560,touch,g,124
1784650276.2570,touch,b,194
1784650276.2740,touch,r,68
1784650276.2770,touch,g,125
1784650276.2770,touch,b,205
1784650276.2930,touch,r,68
1784650276.2970,touch,g,126
1784650276.2970,touch,b,215
1784650276.3130,touch,r,69
1784650276.3170,touch,g,126
1784650276.3170,touch,b,225
1784650276.3540,touch,r,71
1784650276.3570,touch,g,127
1784650276.3580,touch,b,240
1784650276.3940,touch,r,71
1784650276.3970,touch,g,128
1784650276.3980,touch,b,251
1784650276.4740,touch,r,70
1784650276.4780,touch,g,126
1784650276.4780,touch,b,228
1784650276.4930,touch,r,69
1784650276.4970,touch,g,124
1784650276.4970,touch,b,210
1784650276.5130,touch,r,67
1784650276.5170,touch,g,122
1784650276.5200,touch,b,192
1784650276.5330,touch,r,66
1784650276.5370,touch,g,119
1784650276.5370,touch,b,175
1784650276.5570,touch,r,64
1784650276.5580,touch,g,117
1784650276.5580,touch,b,158
1784650276.5730,touch,r,63
1784650276.5760,touch,g,116
1784650276.5770,touch,b,143
1784650276.5940,touch,r,61
1784650276.5980,touch,g,114
1784650276.5980,touch,b,129
1784650276.6130,touch,r,60
1784650276.6180,touch,g,112
1784650276.6180,touch,b,117
1784650276.6330,touch,r,59
1784650276.6370,touch,g,111
1784650276.6370,touch,b,105
1784650276.6530,touch,r,58
1784650276.6570,touch,g,109
1784650276.6570,touch,b,95
1784650276.6950,touch,r,56
1784650276.6990,touch,g,107
1784650276.7000,touch,b,77
1784650276.7350,touch,r,54
1784650276.7400,touch,g,105
1784650276.7410,touch,b,63
1784650276.7730,touch,r,53
1784650276.7760,touch,g,103
1784650276.7770,touch,b,51
1784650276.8350,touch,r,52
1784650276.8400,touch,g,101
1784650276.8410,touch,b,38
1784650276.8940,touch,r,51
1784650276.8950,touch,g,99
1784650276.9000,touch,b,28
1784650277.0150,touch,r,51
1784650277.0200,touch,g,102
1784650277.0210,touch,b,18
1784650277.0750,touch,r,53
1784650277.0790,touch,g,112
1784650277.0820,touch,b,16
1784650277.1150,touch,r,54
1784650277.1190,touch,g,125
1784650277.1190,touch,b,16
1784650277.1340,touch,r,56
1784650277.1370,touch,g,141
1784650277.1370,touch,b,17
1784650277.1600,touch,r,59
1784650277.1630,touch,g,172
1784650277.1640,touch,b,20
1784650277.1740,touch,r,61
1784650277.1780,touch,g,199
1784650277.1790,touch,b,22
1784650277.1930,touch,r,63
1784650277.1980,touch,g,225
1784650277.1990,touch,b,23
1784650277.2140,touch,r,65
1784650277.2180,touch,g,248
1784650277.2180,touch,b,25
1784650277.2350,touch,r,67
1784650277.2380,touch,g,268
1784650277.2380,touch,b,27
1784650277.2540,touch,r,69
1784650277.2570,touch,g,286
1784650277.2570,touch,b,28
1784650277.2770,touch,r,70
1784650277.2800,touch,g,302
1784650277.2800,touch,b,29
1784650277.2940,touch,r,71
1784650277.2990,touch,g,313
1784650277.2990,touch,b,30
1784650277.3540,touch,r,70
1784650277.3580,touch,g,291
1784650277.3590,touch,b,27
1784650277.3730,touch,r,68
1784650277.3760,touch,g,275
1784650277.3770,touch,b,26
1784650277.3940,touch,r,67
1784650277.3970,touch,g,259
1784650277.3970,touch,b,24
1784650277.4140,touch,r,65
1784650277.4180,touch,g,244
1784650277.4180,touch,b,22
1784650277.4340,touch,r,64
1784650277.4370,touch,g,229
1784650277.4370,touch,b,20
1784650277.4530,touch,r,62
1784650277.4560,touch,g,216
1784650277.4560,touch,b,18
1784650277.4730,touch,r,61
1784650277.4760,touch,g,205
1784650277.4770,touch,b,17
1784650277.4940,touch,r,60
1784650277.4970,touch,g,194
1784650277.4970,touch,b,15
1784650277.5140,touch,r,59
1784650277.5170,touch,g,184
1784650277.5170,touch,b,14
1784650277.5530,touch,r,57
1784650277.5570,touch,g,167
1784650277.5580,touch,b,12
1784650277.5950,touch,r,55
1784650277.5980,touch,g,153
1784650277.5980,touch,b,10
1784650277.6340,touch,r,54
1784650277.6370,touch,g,142
1784650277.6370,touch,b,8
1784650277.6930,touch,r,52
1784650277.6960,touch,g,129
1784650277.6960,touch,b,6
1784650277.7750,touch,r,51
1784650277.7780,touch,g,118
1784650277.7790,touch,b,5
1784650277.8950,touch,r,51
1784650277.9000,touch,g,107
1784650277.9000,touch,b,3
1784650278.0340,touch,r,64
1784650278.0390,touch,g,104
1784650278.0390,touch,b,5
1784650278.0740,touch,r,84
1784650278.0750,touch,g,105
1784650278.0810,touch,b,8
1784650278.0940,touch,r,108
1784650278.0970,touch,g,107
1784650278.0970,touch,b,11
1784650278.1130,touch,r,130
1784650278.1170,touch,g,108
1784650278.1170,touch,b,14
1784650278.1330,touch,r,152
1784650278.1360,touch,g,110
1784650278.1370,touch,b,16
1784650278.1540,touch,r,172
1784650278.1570,touch,g,112
1784650278.1590,touch,b,19
1784650278.1740,touch,r,190
1784650278.1770,touch,g,113
1784650278.1770,touch,b,21
1784650278.1930,touch,r,207
1784650278.1970,touch,g,114
1784650278.1970,touch,b,23
1784650278.2130,touch,r,223
1784650278.2160,touch,g,116
1784650278.2170,touch,b,25
1784650278.2330,touch,r,238
1784650278.2370,touch,g,117
1784650278.2370,touch,b,27
1784650278.2530,touch,r,251
1784650278.2550,touch,g,119
1784650278.2590,touch,b,28
1784650278.2730,touch,r,265
1784650278.2770,touch,g,120
1784650278.2770,touch,b,30
1784650278.2940,touch,r,277
1784650278.2970,touch,g,121
1784650278.2970,touch,b,31
1784650278.3140,touch,r,288
1784650278.3170,touch,g,121
1784650278.3170,touch,b,33
1784650278.3360,touch,r,298
1784650278.3390,touch,g,122
1784650278.3390,touch,b,34
1784650278.3740,touch,r,316
1784650278.3770,touch,g,123
1784650278.3770,touch,b,37
1784650278.4150,touch,r,332
1784650278.4180,touch,g,124
1784650278.4180,touch,b,39
1784650278.4550,touch,r,347
1784650278.4580,touch,g,125
1784650278.4580,touch,b,42
1784650278.4950,touch,r,362
1784650278.4990,touch,g,127
1784650278.4990,touch,b,45
1784650278.5340,touch,r,376
1784650278.5370,touch,g,130
1784650278.5380,touch,b,47
1784650278.5740,touch,r,391
1784650278.5770,touch,g,135
1784650278.5770,touch,b,49
1784650278.6140,touch,r,410
1784650278.6170,touch,g,144
1784650278.6180,touch,b,52
1784650278.6330,touch,r,421
1784650278.6370,touch,g,150
1784650278.6370,touch,b,54
1784650278.6540,touch,r,433
1784650278.6570,touch,g,158
1784650278.6570,touch,b,56
1784650278.6730,touch,r,447
1784650278.6770,touch,g,169
1784650278.6770,touch,b,58
1784650278.6960,touch,r,463
1784650278.7000,touch,g,184
1784650278.7000,touch,b,61
1784650278.7130,touch,r,497
1784650278.7160,touch,g,212
1784650278.7170,touch,b,64
1784650278.7330,touch,r,551
1784650278.7380,touch,g,298
1784650278.7380,touch,b,68
1784650278.7540,touch,r,600
1784650278.7570,touch,g,371
1784650278.7580,touch,b,72
1784650278.7730,touch,r,644
1784650278.7770,touch,g,437
1784650278.7770,touch,b,75
1784650278.7970,touch,r,687
1784650278.8000,touch,g,500
1784650278.8000,touch,b,77
1784650278.8130,touch,r,727
1784650278.8170,touch,g,560
1784650278.8170,touch,b,79
1784650278.8360,touch,r,763
1784650278.8390,touch,g,616
1784650278.8390,touch,b,80
1784650278.8530,touch,r,796
1784650278.8560,touch,g,668
1784650278.8570,touch,b,81
1784650278.8730,touch,r,827
1784650278.8770,touch,g,714
1784650278.8770,touch,b,83
1784650278.8950,touch,r,854
1784650278.9000,touch,g,756
1784650278.9020,touch,b,84
1784650278.9130,touch,r,879
1784650278.9170,touch,g,795
1784650278.9170,touch,b,85
1784650278.9330,touch,r,902
1784650278.9370,touch,g,830
1784650278.9370,touch,b,86
1784650278.9530,touch,r,923
1784650278.9570,touch,g,862
1784650278.9570,touch,b,88
1784650278.9750,touch,r,943
1784650278.9790,touch,g,892
1784650278.9790,touch,b,90
1784650278.9930,touch,r,960
1784650278.9970,touch,g,919
1784650278.9970,touch,b,91
1784650279.0140,touch,r,977
1784650279.0180,touch,g,943
1784650279.0180,touch,b,93
1784650279.0330,touch,r,991
1784650279.0370,touch,g,965
1784650279.0370,touch,b,94
1784650279.0530,touch,r,1005
1784650279.0570,touch,g,985
1784650279.0570,touch,b,96
1784650279.0730,touch,r,1017
1784650279.0750,touch,g,1004
1784650279.0790,touch,b,96
1784650279.0930,touch,r,1023
1784650279.0970,touch,g,1021
1784650279.0970,touch,b,97
1784650279.2540,touch,r,983
1784650279.2570,touch,g,963
1784650279.2570,touch,b,99
1784650279.2730,touch,r,917
1784650279.2760,touch,g,890
1784650279.2770,touch,b,97
1784650279.2930,touch,r,844
1784650279.2960,touch,g,816
1784650279.2970,touch,b,92
1784650279.3140,touch,r,774
1784650279.3170,touch,g,748
1784650279.3180,touch,b,86
1784650279.3340,touch,r,707
1784650279.3370,touch,g,685
1784650279.3380,touch,b,81
1784650279.3550,touch,r,646
1784650279.3580,touch,g,628
1784650279.3580,touch,b,75
1784650279.3730,touch,r,589
1784650279.3770,touch,g,576
1784650279.3770,touch,b,70
1784650279.3930,touch,r,539
1784650279.3960,touch,g,529
1784650279.3970,touch,b,65
1784650279.4140,touch,r,492
1784650279.4170,touch,g,486
1784650279.4170,touch,b,61
1784650279.4330,touch,r,450
1784650279.4370,touch,g,448
1784650279.4370,touch,b,57
1784650279.4550,touch,r,412
1784650279.4570,touch,g,414
1784650279.4570,touch,b,53
1784650279.4730,touch,r,378
1784650279.4770,touch,g,382
1784650279.4770,touch,b,50
1784650279.4940,touch,r,347
1784650279.4970,touch,g,355
1784650279.4980,touch,b,47
1784650279.5140,touch,r,319
1784650279.5170,touch,g,329
1784650279.5170,touch,b,45
1784650279.5330,touch,r,294
1784650279.5370,touch,g,307
1784650279.5370,touch,b,43
1784650279.5540,touch,r,271
1784650279.5580,touch,g,287
1784650279.5580,touch,b,40
1784650279.5740,touch,r,251
1784650279.5770,touch,g,269
1784650279.5770,touch,b,39
1784650279.5950,touch,r,233
1784650279.5980,touch,g,253
1784650279.5980,touch,b,37
1784650279.6160,touch,r,217
1784650279.6220,touch,g,238
1784650279.6230,touch,b,36
1784650279.6330,touch,r,202
1784650279.6370,touch,g,226
1784650279.6370,touch,b,35
1784650279.6540,touch,r,190
1784650279.6570,touch,g,215
1784650279.6580,touch,b,35
1784650279.6730,touch,r,179
1784650279.6760,touch,g,207
1784650279.6770,touch,b,35
1784650279.7140,touch,r,163
1784650279.7180,touch,g,196
1784650279.7200,touch,b,36
1784650279.7540,touch,r,157
1784650279.7580,touch,g,212
1784650279.7580,touch,b,42
1784650279.7730,touch,r,168
1784650279.7760,touch,g,250
1784650279.7770,touch,b,48
1784650279.7930,touch,r,173
1784650279.7960,touch,g,283
1784650279.7970,touch,b,54
1784650279.8160,touch,r,177
1784650279.8190,touch,g,311
1784650279.8190,touch,b,60
1784650279.8340,touch,r,179
1784650279.8380,touch,g,337
1784650279.8380,touch,b,66
1784650279.8540,touch,r,182
1784650279.8570,touch,g,363
1784650279.8580,touch,b,73
1784650279.8740,touch,r,188
1784650279.8770,touch,g,389
1784650279.8770,touch,b,79
1784650279.8930,touch,r,195
1784650279.8960,touch,g,416
1784650279.8970,touch,b,85
1784650279.9130,touch,r,200
1784650279.9170,touch,g,441
1784650279.9170,touch,b,90
1784650279.9430,touch,r,204
1784650279.9490,touch,g,463
1784650279.9540,touch,b,95
1784650279.9540,touch,r,207
1784650279.9580,touch,g,483
1784650279.9580,touch,b,99
1784650279.9730,touch,r,211
1784650279.9760,touch,g,503
1784650279.9760,touch,b,103
1784650279.9930,touch,r,215
1784650279.9970,touch,g,522
1784650279.9970,touch,b,108
1784650280.0130,touch,r,220
1784650280.0170,touch,g,540
1784650280.0170,touch,b,113
1784650280.0340,touch,r,225
1784650280.0370,touch,g,558
1784650280.0370,touch,b,120
1784650280.0540,touch,r,231
1784650280.0570,touch,g,578
1784650280.0580,touch,b,129
1784650280.0730,touch,r,236
1784650280.0760,touch,g,600
1784650280.0770,touch,b,144
1784650280.0930,touch,r,241
1784650280.0970,touch,g,641
1784650280.0970,touch,b,219
1784650280.1130,touch,r,244
1784650280.1160,touch,g,693
1784650280.1170,touch,b,307
1784650280.1330,touch,r,247
1784650280.1370,touch,g,739
1784650280.1370,touch,b,384
1784650280.1530,touch,r,250
1784650280.1570,touch,g,779
1784650280.1570,touch,b,456
1784650280.1730,touch,r,256
1784650280.1770,touch,g,811
1784650280.1770,touch,b,520
1784650280.1930,touch,r,262
1784650280.1970,touch,g,831
1784650280.1970,touch,b,575
1784650280.2130,touch,r,266
1784650280.2160,touch,g,827
1784650280.2170,touch,b,611
1784650280.2330,touch,r,266
1784650280.2370,touch,g,792
1784650280.2370,touch,b,624
1784650280.2540,touch,r,261
1784650280.2570,touch,g,744
1784650280.2570,touch,b,626
1784650280.2730,touch,r,254
1784650280.2760,touch,g,696
1784650280.2770,touch,b,621
1784650280.2930,touch,r,247
1784650280.2970,touch,g,651
1784650280.2970,touch,b,614
1784650280.3130,touch,r,240
1784650280.3160,touch,g,609
1784650280.3170,touch,b,607
1784650280.3330,touch,r,234
1784650280.3380,touch,g,571
1784650280.3380,touch,b,599
1784650280.3540,touch,r,228
1784650280.3570,touch,g,536
1784650280.3570,touch,b,593
1784650280.3730,touch,r,224
1784650280.3760,touch,g,505
1784650280.3770,touch,b,588
1784650280.3930,touch,r,222
1784650280.3960,touch,g,477
1784650280.3970,touch,b,584
1784650280.4130,touch,r,222
1784650280.4170,touch,g,451
1784650280.4170,touch,b,583
1784650280.4350,touch,r,229
1784650280.4400,touch,g,428
1784650280.4400,touch,b,586
1784650280.4530,touch,r,250
1784650280.4580,touch,g,407
1784650280.4580,touch,b,597
1784650280.4730,touch,r,346
1784650280.4760,touch,g,389
1784650280.4770,touch,b,658
1784650280.4930,touch,r,431
1784650280.4960,touch,g,372
1784650280.4970,touch,b,711
1784650280.5130,touch,r,506
1784650280.5170,touch,g,357
1784650280.5170,touch,b,757
1784650280.5340,touch,r,572
1784650280.5400,touch,g,342
1784650280.5410,touch,b,792
1784650280.5530,touch,r,627
1784650280.5580,touch,g,327
1784650280.5580,touch,b,805
1784650280.5730,touch,r,664
1784650280.5760,touch,g,312
1784650280.5770,touch,b,792
1784650280.5930,touch,r,677
1784650280.5960,touch,g,297
1784650280.5970,touch,b,757
1784650280.6140,touch,r,679
1784650280.6170,touch,g,283
1784650280.6170,touch,b,711
1784650280.6350,touch,r,677
1784650280.6400,touch,g,271
1784650280.6420,touch,b,660
1784650280.6530,touch,r,670
1784650280.6560,touch,g,259
1784650280.6570,touch,b,611
1784650280.6730,touch,r,663
1784650280.6760,touch,g,249
1784650280.6760,touch,b,565
1784650280.6930,touch,r,655
1784650280.6960,touch,g,240
1784650280.6970,touch,b,522
1784650280.7130,touch,r,648
1784650280.7170,touch,g,232
1784650280.7170,touch,b,483
1784650280.7340,touch,r,643
1784650280.7420,touch,g,226
1784650280.7420,touch,b,447
1784650280.7530,touch,r,641
1784650280.7560,touch,g,223
1784650280.7570,touch,b,417
1784650280.7730,touch,r,643
1784650280.7760,touch,g,225
1784650280.7770,touch,b,392
1784650280.7930,touch,r,670
1784650280.7960,touch,g,239
1784650280.7970,touch,b,374
1784650280.8130,touch,r,731
1784650280.8170,touch,g,338
1784650280.8170,touch,b,385
1784650280.8330,touch,r,794
1784650280.8370,touch,g,428
1784650280.8370,touch,b,388
1784650280.8530,touch,r,841
1784650280.8570,touch,g,500
1784650280.8570,touch,b,381
1784650280.8730,touch,r,883
1784650280.8760,touch,g,564
1784650280.8770,touch,b,370
1784650280.8930,touch,r,919
1784650280.8960,touch,g,621
1784650280.8970,touch,b,360
1784650280.9140,touch,r,946
1784650280.9170,touch,g,666
1784650280.9170,touch,b,351
1784650280.9340,touch,r,963
1784650280.9370,touch,g,682
1784650280.9370,touch,b,343
1784650280.9530,touch,r,955
1784650280.9570,touch,g,665
1784650280.9570,touch,b,337
1784650280.9730,touch,r,936
1784650280.9770,touch,g,630
1784650280.9770,touch,b,329
1784650280.9930,touch,r,913
1784650280.9960,touch,g,589
1784650280.9970,touch,b,316
1784650281.0130,touch,r,886
1784650281.0170,touch,g,548
1784650281.0180,touch,b,304
1784650281.0350,touch,r,861
1784650281.0380,touch,g,510
1784650281.0380,touch,b,292
1784650281.0540,touch,r,837
1784650281.0570,touch,g,475
1784650281.0570,touch,b,281
1784650281.0730,touch,r,816
1784650281.0770,touch,g,442
1784650281.0770,touch,b,272
1784650281.0930,touch,r,797
1784650281.0970,touch,g,413
1784650281.0970,touch,b,268
1784650281.1130,touch,r,785
1784650281.1170,touch,g,386
1784650281.1170,touch,b,273
1784650281.1330,touch,r,807
1784650281.1380,touch,g,362
1784650281.1380,touch,b,326
1784650281.1530,touch,r,807
1784650281.1570,touch,g,339
1784650281.1570,touch,b,379
1784650281.1730,touch,r,781
1784650281.1760,touch,g,319
1784650281.1770,touch,b,414
1784650281.1930,touch,r,743
1784650281.1960,touch,g,301
1784650281.1970,touch,b,431
1784650281.2140,touch,r,694
1784650281.2170,touch,g,284
1784650281.2170,touch,b,440
1784650281.2330,touch,r,646
1784650281.2370,touch,g,270
1784650281.2370,touch,b,444
1784650281.2550,touch,r,598
1784650281.2580,touch,g,256
1784650281.2580,touch,b,444
1784650281.2730,touch,r,553
1784650281.2760,touch,g,244
1784650281.2770,touch,b,442
1784650281.2930,touch,r,512
1784650281.2970,touch,g,234
1784650281.2970,touch,b,439
1784650281.3140,touch,r,473
1784650281.3190,touch,g,224
1784650281.3190,touch,b,436
1784650281.3330,touch,r,438
1784650281.3370,touch,g,216
1784650281.3370,touch,b,433
1784650281.3570,touch,r,406
1784650281.3600,touch,g,209
1784650281.3600,touch,b,431
1784650281.3730,touch,r,377
1784650281.3760,touch,g,203
1784650281.3770,touch,b,430
1784650281.3930,touch,r,352
1784650281.3970,touch,g,199
1784650281.3970,touch,b,429
1784650281.4150,touch,r,329
1784650281.4170,touch,g,197
1784650281.4180,touch,b,430
1784650281.4340,touch,r,311
1784650281.4370,touch,g,200
1784650281.4370,touch,b,437
1784650281.4540,touch,r,300
1784650281.4560,touch,g,216
1784650281.4610,touch,b,459
1784650281.4750,touch,r,305
1784650281.4790,touch,g,307
1784650281.4790,touch,b,511
1784650281.4950,touch,r,301
1784650281.4980,touch,g,374
1784650281.4990,touch,b,528
1784650281.5130,touch,r,295
1784650281.5170,touch,g,415
1784650281.5170,touch,b,516
1784650281.5350,touch,r,290
1784650281.5450,touch,g,445
1784650281.5450,touch,b,485
1784650281.5570,touch,r,285
1784650281.5640,touch,g,468
1784650281.5660,touch,b,450
1784650281.5730,touch,r,280
1784650281.5770,touch,g,486
1784650281.5770,touch,b,416
1784650281.5950,touch,r,277
1784650281.5980,touch,g,500
1784650281.5980,touch,b,384
1784650281.6150,touch,r,279
1784650281.6190,touch,g,510
1784650281.6190,touch,b,353
1784650281.6340,touch,r,282
1784650281.6390,touch,g,503
1784650281.6390,touch,b,325
1784650281.6530,touch,r,274
1784650281.6570,touch,g,476
1784650281.6570,touch,b,298
1784650281.6730,touch,r,261
1784650281.6760,touch,g,447
1784650281.6770,touch,b,273
1784650281.6930,touch,r,246
1784650281.6970,touch,g,418
1784650281.6970,touch,b,249
1784650281.7150,touch,r,232
1784650281.7220,touch,g,390
1784650281.7240,touch,b,227
1784650281.7350,touch,r,219
1784650281.7420,touch,g,363
1784650281.7460,touch,b,208
1784650281.7530,touch,r,206
1784650281.7570,touch,g,339
1784650281.7570,touch,b,190
1784650281.7730,touch,r,195
1784650281.7760,touch,g,317
1784650281.7770,touch,b,175
1784650281.7930,touch,r,185
1784650281.7960,touch,g,297
1784650281.7970,touch,b,161
1784650281.8130,touch,r,176
1784650281.8160,touch,g,280
1784650281.8170,touch,b,148
1784650281.8330,touch,r,170
1784650281.8370,touch,g,264
1784650281.8370,touch,b,137
1784650281.8540,touch,r,171
1784650281.8570,touch,g,250
1784650281.8580,touch,b,127
1784650281.8730,touch,r,193
1784650281.8770,touch,g,239
1784650281.8770,touch,b,122
1784650281.8930,touch,r,220
1784650281.8970,touch,g,230
1784650281.8970,touch,b,118
1784650281.9130,touch,r,244
1784650281.9170,touch,g,221
1784650281.9170,touch,b,114
1784650281.9340,touch,r,266
1784650281.9370,touch,g,214
1784650281.9370,touch,b,111
1784650281.9530,touch,r,285
1784650281.9570,touch,g,207
1784650281.9570,touch,b,108
1784650281.9730,touch,r,304
1784650281.9760,touch,g,201
1784650281.9770,touch,b,105
1784650281.9930,touch,r,321
1784650281.9960,touch,g,196
1784650281.9970,touch,b,103
1784650282.0130,touch,r,338
1784650282.0170,touch,g,192
1784650282.0170,touch,b,102
1784650282.0340,touch,r,354
1784650282.0370,touch,g,188
1784650282.0370,touch,b,101
1784650282.0530,touch,r,370
1784650282.0560,touch,g,186
1784650282.0570,touch,b,100
1784650282.0750,touch,r,386
1784650282.0780,touch,g,186
1784650282.0790,touch,b,100
1784650282.0930,touch,r,402
1784650282.0960,touch,g,189
1784650282.0970,touch,b,102
1784650282.1130,touch,r,425
1784650282.1160,touch,g,196
1784650282.1170,touch,b,106
1784650282.1330,touch,r,466
1784650282.1370,touch,g,217
1784650282.1370,touch,b,114
1784650282.1530,touch,r,526
1784650282.1570,touch,g,308
1784650282.1570,touch,b,149
1784650282.1770,touch,r,569
1784650282.1810,touch,g,389
1784650282.1810,touch,b,171
1784650282.1930,touch,r,599
1784650282.1960,touch,g,454
1784650282.1970,touch,b,182
1784650282.2130,touch,r,605
1784650282.2160,touch,g,507
1784650282.2170,touch,b,189
1784650282.2330,touch,r,595
1784650282.2360,touch,g,547
1784650282.2370,touch,b,193
1784650282.2530,touch,r,569
1784650282.2570,touch,g,573
1784650282.2570,touch,b,194
1784650282.2730,touch,r,538
1784650282.2770,touch,g,588
1784650282.2770,touch,b,194
1784650282.2930,touch,r,503
1784650282.2960,touch,g,597
1784650282.2970,touch,b,192
1784650282.3130,touch,r,469
1784650282.3160,touch,g,598
1784650282.3170,touch,b,190
1784650282.3330,touch,r,437
1784650282.3370,touch,g,589
1784650282.3370,touch,b,186
1784650282.3550,touch,r,406
1784650282.3580,touch,g,561
1784650282.3580,touch,b,180
1784650282.3730,touch,r,376
1784650282.3760,touch,g,527
1784650282.3770,touch,b,171
1784650282.4140,touch,r,323
1784650282.4170,touch,g,456
1784650282.4170,touch,b,149
1784650282.4330,touch,r,300
1784650282.4370,touch,g,423
1784650282.4370,touch,b,139
1784650282.4530,touch,r,278
1784650282.4580,touch,g,393
1784650282.4580,touch,b,129
1784650282.4730,touch,r,259
1784650282.4770,touch,g,366
1784650282.4770,touch,b,121
1784650282.4930,touch,r,241
1784650282.4960,touch,g,341
1784650282.4970,touch,b,113
1784650282.5170,touch,r,226
1784650282.5200,touch,g,319
1784650282.5200,touch,b,106
1784650282.5330,touch,r,211
1784650282.5360,touch,g,299
1784650282.5370,touch,b,100
1784650282.5540,touch,r,199
1784650282.5560,touch,g,281
1784650282.5600,touch,b,94
1784650282.5730,touch,r,188
1784650282.5760,touch,g,266
1784650282.5770,touch,b,89
1784650282.5930,touch,r,178
1784650282.5960,touch,g,254
1784650282.5970,touch,b,85
1784650282.6340,touch,r,168
1784650282.6370,touch,g,248
1784650282.6380,touch,b,80
1784650282.6530,touch,r,174
1784650282.6560,touch,g,281
1784650282.6570,touch,b,82
1784650282.6730,touch,r,178
1784650282.6770,touch,g,310
1784650282.6770,touch,b,84
1784650282.6930,touch,r,181
1784650282.6960,touch,g,338
1784650282.6970,touch,b,86
1784650282.7130,touch,r,188
1784650282.7160,touch,g,365
1784650282.7170,touch,b,89
1784650282.7340,touch,r,197
1784650282.7380,touch,g,395
1784650282.7380,touch,b,93
1784650282.7530,touch,r,208
1784650282.7570,touch,g,424
1784650282.7570,touch,b,100
1784650282.7750,touch,r,219
1784650282.7780,touch,g,452
1784650282.7780,touch,b,110
1784650282.7940,touch,r,230
1784650282.7970,touch,g,486
1784650282.7970,touch,b,126
1784650282.8140,touch,r,246
1784650282.8170,touch,g,550
1784650282.8180,touch,b,197
1784650282.8330,touch,r,262
1784650282.8370,touch,g,604
1784650282.8370,touch,b,281
1784650282.8550,touch,r,276
1784650282.8590,touch,g,655
1784650282.8590,touch,b,356
1784650282.8780,touch,r,289
1784650282.8810,touch,g,701
1784650282.8820,touch,b,425
1784650282.8950,touch,r,301
1784650282.8980,touch,g,744
1784650282.8980,touch,b,489
1784650282.9140,touch,r,312
1784650282.9170,touch,g,784
1784650282.9180,touch,b,548
1784650282.9340,touch,r,322
1784650282.9370,touch,g,821
1784650282.9370,touch,b,604
1784650282.9540,touch,r,332
1784650282.9580,touch,g,855
1784650282.9580,touch,b,656
1784650282.9730,touch,r,340
1784650282.9770,touch,g,886
1784650282.9770,touch,b,702
1784650283.0550,touch,b,778
1784650283.0580,touch,r,357
1784650283.0580,touch,g,954
1784650283.0610,touch,b,807
1784650283.1010,touch,g,921
1784650283.1010,touch,b,806
1784650283.1160,touch,r,328
1784650283.1190,touch,g,866
1784650283.1190,touch,b,762
1784650283.1350,touch,r,310
1784650283.1380,touch,g,800
1784650283.1380,touch,b,703
1784650283.1540,touch,r,291
1784650283.1570,touch,g,736
1784650283.1580,touch,b,644
1784650283.1750,touch,r,271
1784650283.1790,touch,g,676
1784650283.1790,touch,b,586
1784650283.1940,touch,r,252
1784650283.1960,touch,g,621
1784650283.2010,touch,b,532
1784650283.2140,touch,r,235
1784650283.2170,touch,g,570
1784650283.2180,touch,b,482
1784650283.2360,touch,r,219
1784650283.2400,touch,g,524
1784650283.2400,touch,b,437
1784650283.2540,touch,r,204
1784650283.2580,touch,g,482
1784650283.2580,touch,b,395
1784650283.2760,touch,r,190
1784650283.2790,touch,g,445
1784650283.2800,touch,b,357
1784650283.2940,touch,r,177
1784650283.2970,touch,g,410
1784650283.2980,touch,b,323
1784650283.3150,touch,r,165
1784650283.3180,touch,g,379
1784650283.3180,touch,b,292
1784650283.3340,touch,r,154
1784650283.3370,touch,g,351
1784650283.3380,touch,b,263
1784650283.3540,touch,r,144
1784650283.3580,touch,g,326
1784650283.3580,touch,b,238
1784650283.3740,touch,r,135
1784650283.3780,touch,g,303
1784650283.3780,touch,b,215
1784650283.3940,touch,r,126
1784650283.3970,touch,g,282
1784650283.3980,touch,b,193
1784650283.4140,touch,r,119
1784650283.4180,touch,g,263
1784650283.4180,touch,b,174
1784650283.4340,touch,r,112
1784650283.4380,touch,g,247
1784650283.4380,touch,b,157
1784650283.4540,touch,r,106
1784650283.4580,touch,g,231
1784650283.4580,touch,b,142
1784650283.4740,touch,r,100
1784650283.4770,touch,g,218
1784650283.4780,touch,b,128
1784650283.4940,touch,r,95
1784650283.4980,touch,g,205
1784650283.4980,touch,b,115
1784650283.5150,touch,r,90
1784650283.5180,touch,g,194
1784650283.5180,touch,b,104
1784650283.5350,touch,r,86
1784650283.5380,touch,g,184
1784650283.5380,touch,b,94
1784650283.5770,touch,r,79
1784650283.5800,touch,g,167
1784650283.5800,touch,b,76
1784650283.6150,touch,r,73
1784650283.6190,touch,g,154
1784650283.6190,touch,b,62
1784650283.6560,touch,r,68
1784650283.6600,touch,g,142
1784650283.6600,touch,b,51
1784650283.6940,touch,r,64
1784650283.6970,touch,g,133
1784650283.6980,touch,b,41
1784650283.7540,touch,r,60
1784650283.7570,touch,g,123
1784650283.7580,touch,b,31
1784650283.8360,touch,r,56
1784650283.8410,touch,g,114
1784650283.8420,touch,b,21
1784650283.9750,touch,r,52
1784650283.9790,touch,g,104
1784650283.9800,touch,b,11
1784650286.1150,touch,r,63
1784650286.1160,touch,g,99
1784650286.1210,touch,b,6
1784650287.1790,touch,r,53
1784650287.1800,touch,g,95
1784650287.1850,touch,b,3
1784650287.7950,touch,r,50
1784650287.7980,touch,g,106
1784650287.7980,touch,b,4
1784650287.8540,touch,r,51
1784650287.8580,touch,g,116
1784650287.8590,touch,b,5
1784650287.9170,touch,r,52
1784650287.9220,touch,g,126
1784650287.9220,touch,b,6
1784650287.9990,touch,r,54
1784650288.0000,touch,g,136
1784650288.0090,touch,b,8
1784650288.9810,touch,r,59
1784650288.9850,touch,g,126
1784650288.9850,touch,b,12
1784650289.0560,touch,r,56
1784650289.0600,touch,g,116
1784650289.0610,touch,b,9
1784650289.1960,touch,r,52
1784650289.2000,touch,g,105
1784650289.2000,touch,b,5
1784650289.7160,touch,r,49
1784650289.7170,touch,g,95
1784650289.7230,touch,b,2
1784650290.0760,touch,r,50
1784650290.0770,touch,g,96
1784650290.0820,touch,b,12
1784650290.2140,touch,r,52
1784650290.2150,touch,g,98
1784650290.2170,touch,b,23
1784650290.9350,touch,r,51
1784650290.9370,touch,g,97
1784650290.9420,touch,b,13
1784650291.4950,touch,r,52
1784650291.4960,touch,g,98
1784650291.5010,touch,b,25
1784650291.5750,touch,r,54
1784650291.5760,touch,g,99
1784650291.5810,touch,b,36
1784650291.6350,touch,r,55
1784650291.6390,touch,g,100
1784650291.6390,touch,b,48
1784650291.6950,touch,r,56
1784650291.7000,touch,g,101
1784650291.7010,touch,b,61
1784650291.7540,touch,r,58
1784650291.7570,touch,g,102
1784650291.7580,touch,b,74
1784650291.7940,touch,r,59
1784650291.7980,touch,g,102
1784650291.7980,touch,b,86
1784650291.8340,touch,r,60
1784650291.8370,touch,g,103
1784650291.8380,touch,b,102
1784650291.8540,touch,r,61
1784650291.8580,touch,g,104
1784650291.8580,touch,b,113
1784650291.8750,touch,r,62
1784650291.8780,touch,g,104
1784650291.8810,touch,b,123
1784650291.8940,touch,r,63
1784650291.8970,touch,g,105
1784650291.9000,touch,b,133
1784650291.9370,touch,r,64
1784650291.9400,touch,g,106
1784650291.9400,touch,b,151
1784650291.9800,touch,r,66
1784650291.9840,touch,g,107
1784650291.9860,touch,b,170
1784650292.0140,touch,r,67
1784650292.0170,touch,g,108
1784650292.0180,touch,b,188
1784650292.0340,touch,r,68
1784650292.0370,touch,g,109
1784650292.0370,touch,b,198
1784650292.0750,touch,r,70
1784650292.0790,touch,g,110
1784650292.0790,touch,b,215
1784650292.1140,touch,r,71
1784650292.1180,touch,g,111
1784650292.1180,touch,b,231
1784650292.1550,touch,r,72
1784650292.1570,touch,g,112
1784650292.1580,touch,b,243
1784650292.1960,touch,r,73
1784650292.2000,touch,g,112
1784650292.2000,touch,b,254
1784650292.2550,touch,r,74
1784650292.2580,touch,g,113
1784650292.2580,touch,b,267
1784650292.3200,touch,r,75
1784650292.3230,touch,g,114
1784650292.3250,touch,b,277
1784650292.3750,touch,r,75
1784650292.3790,touch,g,114
1784650292.3800,touch,b,287
1784650292.4560,touch,r,76
1784650292.4600,touch,g,115
1784650292.4600,touch,b,297
1784650292.5960,touch,r,77
1784650292.6010,touch,g,115
1784650292.6010,touch,b,307
1784650292.8960,touch,r,76
1784650292.9000,touch,g,114
1784650292.9010,touch,b,286
1784650292.9150,touch,r,74
1784650292.9170,touch,g,113
1784650292.9180,touch,b,265
1784650292.9340,touch,r,72
1784650292.9370,touch,g,112
1784650292.9370,touch,b,244
1784650292.9540,touch,r,70
1784650292.9580,touch,g,110
1784650292.9580,touch,b,222
1784650292.9750,touch,r,69
1784650292.9780,touch,g,109
1784650292.9780,touch,b,202
1784650293.0000,touch,r,67
1784650293.0610,touch,g,107
1784650293.0640,touch,b,166
1784650293.0650,touch,r,64
1784650293.0670,touch,g,106
1784650293.0670,touch,b,150
1784650293.0780,touch,g,103
1784650293.0810,touch,b,122
1784650293.0960,touch,r,58
1784650293.0990,touch,g,102
1784650293.0990,touch,b,110
1784650293.1180,touch,r,57
1784650293.1210,touch,g,102
1784650293.1210,touch,b,100
1784650293.1350,touch,r,56
1784650293.1380,touch,g,101
1784650293.1380,touch,b,90
1784650293.1770,touch,r,55
1784650293.1800,touch,g,100
1784650293.1800,touch,b,73
1784650293.2160,touch,r,54
1784650293.2160,touch,g,99
1784650293.2210,touch,b,60
1784650293.2550,touch,r,53
1784650293.2550,touch,g,98
1784650293.2580,touch,b,49
1784650293.3160,touch,r,51
1784650293.3160,touch,g,97
1784650293.3210,touch,b,36
1784650293.3960,touch,r,50
1784650293.3970,touch,g,96
1784650293.4020,touch,b,25
1784650293.4960,touch,r,50
1784650293.4970,touch,g,96
1784650293.5020,touch,b,15
1784650293.9170,touch,r,51
1784650293.9220,touch,g,106
1784650293.9230,touch,b,8
1784650293.9560,touch,r,52
1784650293.9600,touch,g,120
1784650293.9600,touch,b,11
1784650293.9770,touch,r,53
1784650293.9800,touch,g,134
1784650293.9810,touch,b,14
1784650293.9950,touch,r,56
1784650294.0000,touch,g,170
1784650294.0000,touch,b,19
1784650294.0180,touch,r,57
1784650294.0220,touch,g,199
1784650294.0220,touch,b,24
1784650294.0400,touch,r,59
1784650294.0430,touch,g,226
1784650294.0430,touch,b,29
1784650294.0580,touch,r,60
1784650294.0620,touch,g,252
1784650294.0620,touch,b,33
1784650294.0780,touch,r,62
1784650294.0820,touch,g,277
1784650294.0820,touch,b,37
1784650294.0950,touch,r,63
1784650294.1000,touch,g,302
1784650294.1000,touch,b,42
1784650294.1160,touch,r,65
1784650294.1190,touch,g,326
1784650294.1210,touch,b,47
1784650294.1360,touch,r,66
1784650294.1410,touch,g,348
1784650294.1410,touch,b,53
1784650294.1600,touch,r,67
1784650294.1630,touch,g,368
1784650294.1630,touch,b,57
1784650294.1750,touch,r,68
1784650294.1780,touch,g,386
1784650294.1780,touch,b,60
1784650294.1950,touch,r,69
1784650294.1990,touch,g,401
1784650294.2000,touch,b,63
1784650294.2160,touch,r,69
1784650294.2190,touch,g,415
1784650294.2190,touch,b,65
1784650294.2350,touch,r,70
1784650294.2380,touch,g,427
1784650294.2390,touch,b,67
1784650294.2590,touch,r,71
1784650294.2630,touch,g,438
1784650294.2630,touch,b,69
1784650294.2970,touch,r,72
1784650294.3000,touch,g,454
1784650294.3000,touch,b,70
1784650294.3550,touch,r,71
1784650294.3580,touch,g,435
1784650294.3590,touch,b,65
1784650294.3750,touch,r,70
1784650294.3780,touch,g,411
1784650294.3780,touch,b,61
1784650294.4170,touch,r,67
1784650294.4200,touch,g,358
1784650294.4210,touch,b,51
1784650294.4380,touch,r,65
1784650294.4410,touch,g,333
1784650294.4420,touch,b,47
1784650294.4550,touch,r,64
1784650294.4580,touch,g,310
1784650294.4580,touch,b,43
1784650294.4750,touch,r,63
1784650294.4780,touch,g,288
1784650294.4790,touch,b,39
1784650294.4950,touch,r,61
1784650294.4990,touch,g,269
1784650294.5000,touch,b,35
1784650294.5170,touch,r,60
1784650294.5200,touch,g,252
1784650294.5200,touch,b,32
1784650294.5350,touch,r,59
1784650294.5370,touch,g,236
1784650294.5410,touch,b,29
1784650294.5550,touch,r,58
1784650294.5590,touch,g,222
1784650294.5590,touch,b,26
1784650294.5750,touch,r,57
1784650294.5800,touch,g,209
1784650294.5800,touch,b,24
1784650294.5950,touch,r,56
1784650294.5990,touch,g,198
1784650294.5990,touch,b,21
1784650294.6180,touch,r,55
1784650294.6210,touch,g,188
1784650294.6210,touch,b,19
1784650294.6350,touch,r,54
1784650294.6380,touch,g,178
1784650294.6390,touch,b,18
1784650294.6760,touch,r,53
1784650294.6790,touch,g,162
1784650294.6790,touch,b,15
1784650294.7200,touch,r,52
1784650294.7240,touch,g,150
1784650294.7250,touch,b,12
1784650294.7550,touch,r,51
1784650294.7590,touch,g,139
1784650294.7590,touch,b,10
1784650294.8170,touch,r,51
1784650294.8210,touch,g,127
1784650294.8210,touch,b,8
1784650294.8970,touch,r,50
1784650294.9010,touch,g,116
1784650294.9020,touch,b,6
1784650295.0380,touch,r,51
1784650295.0420,touch,g,106
1784650295.0430,touch,b,5
1784650295.1370,touch,r,61
1784650295.1410,touch,g,106
1784650295.1420,touch,b,6
1784650295.1760,touch,r,71
1784650295.1790,touch,g,109
1784650295.1790,touch,b,8
1784650295.1960,touch,r,82
1784650295.1980,touch,g,111
1784650295.1980,touch,b,10
1784650295.2150,touch,r,103
1784650295.2180,touch,g,115
1784650295.2190,touch,b,12
1784650295.2370,touch,r,127
1784650295.2420,touch,g,120
1784650295.2420,touch,b,15
1784650295.2570,touch,r,144
1784650295.2610,touch,g,123
1784650295.2610,touch,b,17
1784650295.2760,touch,r,158
1784650295.2790,touch,g,126
1784650295.2800,touch,b,19
1784650295.2950,touch,r,172
1784650295.2980,touch,g,128
1784650295.2990,touch,b,21
1784650295.3150,touch,r,191
1784650295.3180,touch,g,131
1784650295.3190,touch,b,23
1784650295.3350,touch,r,210
1784650295.3380,touch,g,134
1784650295.3380,touch,b,25
1784650295.3550,touch,r,228
1784650295.3580,touch,g,136
1784650295.3590,touch,b,27
1784650295.3760,touch,r,246
1784650295.3790,touch,g,139
1784650295.3790,touch,b,29
1784650295.3960,touch,r,262
1784650295.4000,touch,g,141
1784650295.4010,touch,b,30
1784650295.4170,touch,r,277
1784650295.4200,touch,g,142
1784650295.4210,touch,b,32
1784650295.4350,touch,r,291
1784650295.4380,touch,g,144
1784650295.4380,touch,b,33
1784650295.4560,touch,r,303
1784650295.4580,touch,g,145
1784650295.4630,touch,b,35
1784650295.4750,touch,r,314
1784650295.4780,touch,g,145
1784650295.4780,touch,b,36
1784650295.5180,touch,r,332
1784650295.5210,touch,g,146
1784650295.5220,touch,b,38
1784650295.5560,touch,r,346
1784650295.5590,touch,g,147
1784650295.5600,touch,b,40
1784650295.5960,touch,r,358
1784650295.5990,touch,g,147
1784650295.6000,touch,b,41
1784650295.6560,touch,r,371
1784650295.6620,touch,g,146
1784650295.6630,touch,b,43
1784650295.7370,touch,r,381
1784650295.7450,touch,g,145
1784650295.7450,touch,b,44
1784650295.8570,touch,r,364
1784650295.8600,touch,g,139
1784650295.8610,touch,b,42
1784650295.8760,touch,r,340
1784650295.8790,touch,g,136
1784650295.8790,touch,b,40
1784650295.8980,touch,r,314
1784650295.9020,touch,g,133
1784650295.9020,touch,b,37
1784650295.9150,touch,r,288
1784650295.9180,touch,g,130
1784650295.9190,touch,b,34
1784650295.9370,touch,r,265
1784650295.9390,touch,g,127
1784650295.9400,touch,b,31
1784650295.9550,touch,r,244
1784650295.9590,touch,g,124
1784650295.9590,touch,b,28
1784650295.9750,touch,r,224
1784650295.9780,touch,g,121
1784650295.9790,touch,b,26
1784650295.9960,touch,r,207
1784650296.0020,touch,g,119
1784650296.0030,touch,b,23
1784650296.0150,touch,r,191
1784650296.0200,touch,g,116
1784650296.0200,touch,b,21
1784650296.0350,touch,r,177
1784650296.0390,touch,g,114
1784650296.0390,touch,b,19
1784650296.0550,touch,r,164
1784650296.0590,touch,g,112
1784650296.0600,touch,b,17
1784650296.0770,touch,r,152
1784650296.0800,touch,g,110
1784650296.0800,touch,b,16
1784650296.0950,touch,r,142
1784650296.0980,touch,g,109
1784650296.0990,touch,b,14
1784650296.1380,touch,r,124
1784650296.1410,touch,g,106
1784650296.1420,touch,b,12
1784650296.1760,touch,r,110
1784650296.1820,touch,g,104
1784650296.1840,touch,b,10
1784650296.2160,touch,r,98
1784650296.2190,touch,g,102
1784650296.2190,touch,b,8
1784650296.2750,touch,r,84
1784650296.2780,touch,g,100
1784650296.2780,touch,b,6
1784650296.3570,touch,r,72
1784650296.3570,touch,g,98
1784650296.3630,touch,b,5
1784650296.4560,touch,r,62
1784650296.4570,touch,g,97
1784650296.4630,touch,b,4
1784650296.7350,touch,r,52
1784650296.7360,touch,g,96
1784650296.7400,touch,b,2
